id,domain,status,purchase_price,renewal_price,attractiveness,demand,length,registrar,created_at,expires_at,status_verified_at
f6440a77-9de3-45a9-962a-26023599d8a6,understand.pics,available,1.99,,high,low,10,name.com,,,
250181d9-67d9-4b7c-a734-8b7fe0e73053,agile.pics,premium,2660,2660,high,medium,5,namesilo,,,21/09/2026 23:00
3986896e-95ff-4989-af60-fe82f62d41b3,mansfield.pics,available,1.99,32.49,medium,low,9,namesilo,,,25/09/2026 08:08
a35deea5-9df4-4270-b842-31602518b2e4,could.pics,available,1.99,,high,low,5,name.com,,,
71fc2625-78c8-4509-aff2-161ae6198447,vote.pics,premium,832,832,high,low,4,namesilo,,,27/09/2026 06:58
4deda0a9-7381-496b-93bf-723192ea807b,leaders.pics,available,1.99,,high,low,7,name.com,,,
34cb5fa1-aa1a-4d75-85fa-31aed7fed4ee,reflexes.pics,available,1.99,32.49,medium,low,8,namesilo,,,19/09/2026 23:46
f2d2824d-5e35-400a-96fe-1596b3ae8f7a,christly.pics,available,1.8,40.98,medium,low,8,namecheap,,,12/08/2026 07:21
fe29ef78-f03d-4570-925b-8d43552f0e1b,azote.pics,available,1.99,32.49,medium,low,5,namesilo,,,21/09/2026 11:27
2cda1b72-ee0e-49b2-9d17-fc18c935798a,sluggish.pics,available,1.8,40.98,medium,low,8,namecheap,,,10/09/2026 11:29
89ed0490-cc77-4411-a0fd-e392a0ca9882,tenor.pics,premium,2600,2600,high,low,5,namecheap,,,11/09/2026 11:24
134c8dfa-3ac0-4d03-a31d-3b6c5e53966d,soundly.pics,available,1.99,32.49,medium,low,7,namesilo,,,16/09/2026 05:34
ce681fb5-325c-4c21-9dc1-f903f6ab8923,wabash.pics,available,1.54,26.26,medium,low,6,porkbun,,,28/09/2026 03:15
ba4d09b4-94ac-4f9d-8c9f-0a54305b3589,tellingly.pics,available,1.99,32.49,medium,low,9,namesilo,,,16/09/2026 08:14
2dc4a819-b168-46ba-93eb-26cc0371907e,offspring.pics,available,1.99,,high,low,9,name.com,,,
3a7f0e31-dc92-47c7-94f8-c61f158b9271,primate.pics,available,1.8,40.98,high,low,7,namecheap,,,20/09/2026 02:39
46829390-f15c-4a4c-ab38-c1e6525d7892,assignor.pics,available,1.99,45.99,medium,low,8,name.com,,,20/09/2026 16:27
d0e94983-2aec-4897-8c98-8dc94f8a7e9a,organs.pics,available,1.99,,high,low,6,name.com,,,
7a18dcd8-6b57-4ec1-9295-af84d229064c,seeming.pics,available,1.99,,high,low,7,name.com,,,
86cdc7f4-90fc-4f15-b23c-1003404c53bd,employed.pics,available,1.8,40.98,high,low,8,namecheap,,,16/08/2026 18:24
d94eae05-8ee6-4c33-a41d-3592d122601b,cursively.pics,available,1.8,40.98,medium,low,9,namecheap,,,14/09/2026 10:07
1142310e-7819-4cb3-8d67-6232e50b91c8,lindsey.pics,premium,845,845,high,low,7,namecheap,,,25/09/2026 19:35
16c46f4c-ab89-4c78-95b8-4a15ebc4897e,mushy.pics,available,1.8,40.98,medium,low,5,namecheap,,,09/08/2026 00:58
748c1a52-6582-4bea-ab60-e43c883ac08c,subsets.pics,available,1.8,40.98,medium,low,7,namecheap,,,21/09/2026 01:05
50b44f07-6a67-4961-8b7a-a0c37c1c8dcf,autogenic.pics,available,1.8,40.98,medium,low,9,namecheap,,,07/08/2026 20:21
aed0840e-d3f7-43d8-86c6-3d4a71ea10c3,infertile.pics,available,1.8,40.98,medium,low,9,namecheap,,,22/08/2026 04:24
be049520-edc7-41b0-be23-36f6f761b8de,ruffled.pics,available,1.8,40.98,high,low,7,namecheap,,,18/08/2026 15:53
b9a40187-77a4-4ee8-a2fb-12e1f0a49048,embryonic.pics,available,1.8,40.98,medium,low,9,namecheap,,,16/08/2026 13:28
081cf949-cb71-4a3a-a8cb-c25cf98052b2,slaveless.pics,available,1.8,40.98,medium,low,9,namecheap,,,18/08/2026 14:44
65f1a226-50d9-4f02-9cf5-9f7284bb7ebd,janice.pics,premium,672.95,672.95,high,low,6,spaceship,,,27/09/2026 19:53
dc9101ce-6aa4-4b68-a96c-b7e47cb6fdc3,bootlicker.pics,available,1.8,40.98,medium,low,10,namecheap,,,19/09/2026 21:12
be50166a-08df-4d83-a6a2-dbc225525d8c,molded.pics,available,1.8,40.98,high,low,6,namecheap,,,25/08/2026 03:46
f571f6ea-5fc6-421c-ae69-c84f5a8284a5,abettal.pics,available,1.99,32.49,medium,low,7,namesilo,,,16/09/2026 15:18
77787e72-faf7-4c51-9024-1c41c7315892,identical.pics,available,1.99,32.49,high,low,9,namesilo,,,25/09/2026 07:23
917fb2dd-ef7d-49ae-ba41-4ce6f700a0e2,relieved.pics,available,1.8,40.98,high,low,8,namecheap,,,
7a09db26-5115-4048-8f67-b06ceef9d876,annotator.pics,available,1.99,32.49,high,low,9,namesilo,,,19/09/2026 10:48
96ee35ec-22ce-473c-8899-c5fe5d1be9e2,babirusa.pics,available,1.99,32.49,medium,low,8,namesilo,,,21/09/2026 12:44
85ee96c0-049e-47bd-8bf7-8744071e0d0a,receives.pics,available,1.8,40.98,medium,low,8,namecheap,,,18/09/2026 17:46
edf86a45-1da3-4d17-a5ab-22d3210cd141,lovingly.pics,available,1.8,40.98,high,low,8,namecheap,,,14/09/2026 19:14
9b8e9266-b43a-44ab-9ca2-bfeb3c01cfd2,lifelong.pics,available,1.8,40.98,high,low,8,namecheap,,,23/08/2026 01:51
ab1b627a-143b-4bb6-8fd8-5e9c6aa39b66,athelstan.pics,available,1.8,40.98,medium,low,9,namecheap,,,20/09/2026 20:33
607f8ffc-6e0c-4220-ac8a-e408b3ae9dfb,weekly.pics,available,1.8,40.98,high,low,6,namecheap,,,21/08/2026 05:36
d7ef083d-2d4e-41bc-8fa2-b66216a9b8e0,quiescent.pics,available,1.8,40.98,medium,low,9,namecheap,,,09/09/2026 08:47
80783cac-02e7-41e6-b694-66ef89c8f161,mercenary.pics,available,1.8,40.98,high,low,9,namecheap,,,24/08/2026 17:14
74b26f7b-2203-4cc0-a21e-c40b0f1e7fb5,spangly.pics,available,1.8,40.98,medium,low,7,namecheap,,,18/08/2026 21:20
1dd0601d-265c-4138-a499-3eeed83279a3,smiled.pics,available,1.99,32.49,medium,low,6,namesilo,,,18/09/2026 01:26
61f73729-c757-454a-90c6-45e6e3c29731,antiblack.pics,available,1.8,40.98,low,low,9,namecheap,,,
4af872d3-977c-45be-b4f6-fff22974b5dd,otis.pics,premium,2660,2660,high,low,4,namesilo,,,25/09/2026 05:28
3caba4d4-6779-4840-91c5-a1b1a3d55ff6,attend.pics,available,1.99,32.49,high,low,6,namesilo,,,
bf0ca46e-2341-4733-a27e-6306bd143232,grandson.pics,available,1.99,,high,low,8,name.com,,,
b6d97806-1d45-49ee-b558-c24503629f73,rolls.pics,available,1.99,32.49,high,low,5,namesilo,,,27/09/2026 07:45
7d8a659d-559f-4359-a192-e23cf19ab1d8,matthias.pics,available,1.54,26.26,high,low,8,porkbun,,,27/09/2026 19:32
32946c0f-bcc9-4fd7-b4e6-11cd56fb5cad,lol.pics,resell,,,high,low,3,Dynadot Inc,31/08/2026 16:12,31/08/2027 23:59,26/09/2026 07:18
2ba93dc1-4b09-4e02-818f-ed3b46971444,dissonant.pics,available,1.8,40.98,medium,low,9,namecheap,,,07/08/2026 12:26
b53b5596-c517-4ca6-9e25-23145f0b3d92,expendable.pics,available,1.8,40.98,medium,low,10,namecheap,,,17/08/2026 18:08
a4eefb0d-918e-4029-8ef1-3a5a15dea17c,onslaught.pics,available,1.99,32.49,medium,low,9,namesilo,,,21/09/2026 01:06
7a4373db-22ba-49e7-9134-3f16dde68aba,edamame.pics,available,1.99,32.49,high,low,7,namesilo,,,20/09/2026 02:22
6273b6fc-5175-4cc0-801a-ccd3d86ed2dd,instantly.pics,available,1.8,40.98,medium,low,9,namecheap,,,10/09/2026 21:29
afb28a79-23f7-477c-b849-33abd128fca2,tilled.pics,available,1.8,40.98,medium,low,6,namecheap,,,11/09/2026 15:57
e49c4db0-7e49-469b-bc61-f40454bc722d,motor.pics,resell,,,high,low,5,Dynadot Inc,11/02/2026 01:05,11/02/2027 23:59,26/09/2026 07:39
ea11efaf-9d55-40c9-8c73-84150d2c3daf,composer.pics,available,1.8,40.98,high,low,8,namecheap,,,24/09/2026 16:53
b566044c-6fbf-45b3-a554-1406e6538fa7,adulterate.pics,available,1.8,40.98,medium,low,10,namecheap,,,
94f2966a-edf0-48f3-beb2-794a2ff8d770,present.pics,available,1.8,40.98,high,low,7,namecheap,,,25/09/2026 04:02
d9da6534-eb98-48fb-9b16-b46a8a2c0549,intend.pics,available,1.8,40.98,high,low,6,namecheap,,,25/09/2026 18:20
182db02a-1d4e-4993-8ccf-801b4eba22f8,gentile.pics,available,1.8,40.98,high,low,7,namecheap,,,18/08/2026 21:53
e8511daf-e6c1-4992-a291-5fb7cb4b09e0,abeyance.pics,available,1.99,32.49,medium,low,8,namesilo,,,16/09/2026 15:20
b2c9faa6-7972-4fa5-8641-0525048339c2,cheek.pics,available,1.99,32.49,high,low,5,namesilo,,,24/09/2026 11:22
a5ec542f-d451-41e7-a076-9d2dc4c57e39,horne.pics,premium,832,832,high,low,5,namesilo,,,27/09/2026 14:08
8624ea0b-0824-4507-92e5-f52f43289f83,programmes.pics,available,1.99,32.49,medium,low,10,namesilo,,,20/09/2026 10:20
1532a59f-0421-44aa-be0c-48205e340d35,skirting.pics,available,1.99,32.49,medium,low,8,namesilo,,,20/09/2026 08:31
259bc4fe-b041-408a-8dc1-669fce5f9a6e,steaming.pics,available,1.8,40.98,medium,low,8,namecheap,,,10/09/2026 19:42
7ca019f2-44af-42c6-b301-fb8a216eeca9,arno.pics,available,1.99,32.49,high,low,4,namesilo,,,20/09/2026 08:12
95260883-3fde-44b6-9f51-23cedb02cfc1,kosher.pics,available,1.8,40.98,high,low,6,namecheap,,,13/08/2026 02:45
ff28ddfa-7da0-4c5b-aeaa-f319aa2e2005,scientific.pics,available,1.99,32.49,high,low,10,namesilo,,,25/09/2026 22:34
ac734d1d-8665-45e7-a4b5-790de95ae073,assignable.pics,available,1.8,40.98,medium,low,10,namecheap,,,07/08/2026 06:19
595bfa3c-ca93-4dd5-8bb3-a7c0b0e97317,assize.pics,available,1.99,32.49,medium,low,6,namesilo,,,20/09/2026 16:30
38876c0e-87d5-48ec-bcfa-dd74bc584eb3,alvin.pics,available,1.99,32.49,high,low,5,namesilo,,,25/09/2026 13:49
36d07cd2-343a-4933-ba4c-7271db353bbe,blinded.pics,available,1.8,40.98,medium,low,7,namecheap,,,10/08/2026 14:24
e4e3f8d3-17bc-4ad1-95c4-1bc4def90bbc,sported.pics,available,1.99,32.49,medium,low,7,namesilo,,,20/09/2026 16:50
83d816ad-5ac8-408e-8d5b-44f233f5d54b,ottar.pics,available,1.8,40.98,medium,low,5,namecheap,,,20/09/2026 19:29
73067887-0e32-47ee-9544-d49f0a17d26b,shower.pics,premium,832,832,high,low,6,namesilo,,,27/09/2026 09:04
3c40fd03-cc1a-4070-b4f5-71c826631e5c,clx.pics,available,1.8,40.98,medium,low,3,namecheap,,,
48552a22-29c1-4277-80cd-89a89af53da0,crochet.pics,available,1.99,32.49,high,low,7,namesilo,,,24/09/2026 19:40
72c4eeb1-fb9a-4e5e-b354-a7a40000cc17,apar.pics,available,1.99,32.49,medium,low,4,namesilo,,,19/09/2026 16:14
c0080b1f-ae6d-4e82-87eb-dc1309d81e04,marginal.pics,available,1.99,32.49,high,low,8,namesilo,,,23/09/2026 00:04
82867343-dfe2-4b9a-b8f5-1bc4bc378ace,fifth.pics,available,1.8,40.98,high,low,5,namecheap,,,
2914582d-f9d8-4c1d-8710-8b8edfd4f333,article.pics,available,1.99,32.49,high,low,7,namesilo,,,20/09/2026 11:12
41dcb402-3ef8-498b-b6fd-c25b9d5c710e,underestimated.pics,available,1.99,,medium,low,14,name.com,,,
63257596-3eea-4574-9261-70f84b5ebe14,tucked.pics,available,1.8,40.98,high,low,6,namecheap,,,11/09/2026 21:02
e077bc65-b5ca-4675-ab8d-51853767e84e,savings.pics,available,1.99,45.99,high,low,7,name.com,,,26/09/2026 03:10
1257a5dd-c2ef-46b5-a49f-51fbd1570b1c,asio.pics,available,1.99,32.49,medium,low,4,namesilo,,,20/09/2026 14:18
e5bd5f7e-2a4a-4692-b36c-67b195e1bc03,wizardly.pics,available,1.8,40.98,medium,low,8,namecheap,,,24/08/2026 13:02
b2401584-d4e5-499f-b800-53ebec50da2b,antihero.pics,available,1.99,32.49,medium,low,8,namesilo,,,19/09/2026 14:35
bc594936-ad1a-4b0e-a1d4-a0a558cf3d4e,refreshing.pics,available,1.8,40.98,high,low,10,namecheap,,,11/08/2026 00:37
8009b3e7-42a5-42ca-a049-1aa6dc776afa,lipitor.pics,available,1.99,32.49,high,low,7,namesilo,,,21/09/2026 00:35
b450c727-4379-4986-a337-ccb63d769ce9,dinner.pics,available,1.99,32.49,high,low,6,namesilo,,,
15fae2a1-467e-485b-a298-189091bfd729,cameras.pics,resell,,,high,low,7,"Spaceship, Inc.",15/04/2014 16:04,15/04/2027 23:59,26/09/2026 04:43
8c63d9b7-7bb2-4716-9b91-c521a55f8c23,bandits.pics,premium,2660,2660,medium,low,7,namesilo,,,21/09/2026 01:18
1286b2b7-66da-48cf-a6c9-9ccdaf82d078,below.pics,available,1.99,32.49,high,low,5,namesilo,,,24/09/2026 12:01
df6025bf-eb85-46b3-bac7-0191cd596579,every.pics,resell,,,high,medium,5,Dynadot Inc,09/06/2026 16:16,09/06/2027 23:59,26/09/2026 05:55
f0f0888e-a713-4b90-8359-8a840cc45488,solidly.pics,available,1.8,40.98,medium,low,7,namecheap,,,16/09/2026 04:03
86e67a8c-381e-4830-b0c0-d995653faec3,groups.pics,available,1.99,32.49,high,low,6,namesilo,,,
42860b48-51c7-4bf1-8e75-edcfa23ddba8,tantalum.pics,available,1.99,32.49,medium,low,8,namesilo,,,20/09/2026 23:42
802b5668-b7d9-4a1a-b2bb-4d1064e99b42,anglican.pics,available,1.8,40.98,high,low,8,namecheap,,,
f59b58cc-aad3-4bbe-b3a6-0b6eec837b52,andesite.pics,available,1.99,32.49,medium,low,8,namesilo,,,19/09/2026 04:04
be921a5c-0944-4cc1-af56-7307be80a5a0,huddled.pics,available,1.8,40.98,medium,low,7,namecheap,,,21/08/2026 14:34
86a9c0ee-5a59-4655-a54b-9e4e5a23afa1,eery.pics,available,1.8,40.98,medium,low,4,namecheap,,,15/08/2026 12:45
3a74df45-fdd8-4b61-a86f-9587e42f061b,ardeidae.pics,available,1.99,32.49,medium,low,8,namesilo,,,20/09/2026 03:06
161e8e4e-9d14-4cb4-9747-f608a1aff1a4,religion.pics,available,1.99,,high,low,8,name.com,,,
13bc7e79-891e-4e9e-b43e-8d394897766d,kurakkan.pics,available,1.99,32.49,medium,low,8,namesilo,,,17/09/2026 15:21
cc392920-f94c-4942-a8f5-c37cf25ab1c8,stylized.pics,available,1.8,40.98,high,low,8,namecheap,,,08/09/2026 05:30
952d71a2-59d0-47a7-9acd-a8725ea45d79,extrovert.pics,available,1.8,40.98,high,low,9,namecheap,,,17/08/2026 19:27
0ea436b2-f2cf-43bb-9dc5-6cd10feb9a15,wordplay.pics,available,1.99,,high,low,9,name.com,,,
e1127055-04f2-4bb4-a3e4-17a83667e085,events.pics,resell,,,high,low,6,Dynadot Inc,08/02/2026 16:14,08/02/2027 23:59,26/09/2026 05:55
a7d05a4d-e62b-4411-851f-bddd461ac53e,aromatic.pics,available,1.8,40.98,high,low,8,namecheap,,,22/09/2026 08:02
04c1ad35-e0eb-4083-b4ab-74b9a9df1c74,aquiline.pics,available,1.8,40.98,medium,low,8,namecheap,,,06/08/2026 11:01
08defdbd-52d9-4107-a568-5dfba7bccd9a,offerings.pics,available,1.99,32.49,medium,low,9,namesilo,,,18/09/2026 10:39
c96b4e80-97cd-4cc7-b749-e2bf54b1c523,unmelted.pics,available,1.8,40.98,low,low,8,namecheap,,,12/09/2026 15:35
82922d0a-26d2-4ac8-a852-6f142494ff22,diana.pics,premium,832,832,high,low,5,namesilo,,,25/09/2026 22:22
9c50958f-e46d-4921-8db0-4309c01ac741,friendless.pics,available,1.8,40.98,medium,low,10,namecheap,,,18/08/2026 15:33
0298d96c-2cad-42e9-8027-79a867a71dbd,rabbinic.pics,available,1.8,40.98,medium,low,8,namecheap,,,09/09/2026 09:14
5b7a5067-0ca8-4278-9183-8f77230fafcc,basilar.pics,available,1.8,40.98,medium,low,7,namecheap,,,08/08/2026 22:16
6c3d7a1b-d882-4a59-b0c9-ff1ae1a76646,asceticism.pics,available,1.99,45.99,medium,low,10,name.com,,,20/09/2026 13:08
4016d847-cba1-486d-bbb9-20848d2f0965,nicole.pics,premium,812.5,,high,low,6,name.com,,,
90524805-9571-41e6-913c-c55db4eade15,unshadowed.pics,available,1.8,40.98,medium,low,10,namecheap,,,12/09/2026 19:29
5c4fd77d-9cec-4d72-8881-bbbd94705d1d,drear.pics,available,1.8,40.98,medium,low,5,namecheap,,,14/08/2026 11:45
6bf424d5-d483-4f82-9e5b-848f9ccf5387,cranial.pics,available,1.8,40.98,medium,low,7,namecheap,,,13/08/2026 04:49
9ce95c2d-a69a-4847-a9f6-13f77a6ab573,flecked.pics,available,1.8,40.98,medium,low,7,namecheap,,,14/08/2026 16:30
a00fd92e-8a00-4e94-92b9-006f949acf62,cationic.pics,available,1.8,40.98,medium,low,8,namecheap,,,11/08/2026 22:07
95524369-acb2-42d4-a357-9d8570ed2c4c,neonatal.pics,available,1.8,40.98,medium,low,8,namecheap,,,03/09/2026 15:27
c835c7b4-6365-42a2-a829-2893c992f1e1,acropora.pics,available,1.99,32.49,medium,low,8,namesilo,,,17/09/2026 03:57
5ee7eb73-ce3f-4ade-9add-31777e12bfc6,shoe.pics,resell,,,high,low,4,"Key-Systems, LLC",13/12/2025 13:52,13/12/2026 23:59,26/09/2026 08:59
acf1a5f5-52fc-47b3-8fdf-1076cb2ab662,ascesis.pics,available,1.99,45.99,medium,low,7,name.com,,,20/09/2026 13:10
e87b0794-bb1c-4f6c-8cbf-7a1f6da2114a,katari.pics,available,1.8,40.98,medium,low,6,namecheap,,,22/08/2026 15:12
68b24359-7255-4644-831a-a3a583ac90b5,cue.pics,available,1.99,,high,low,3,name.com,,,
891a0a17-2b97-406c-9731-e1469e9dd2b2,around.pics,available,1.99,32.49,high,low,6,namesilo,,,21/09/2026 14:17
22e5e682-9014-4951-aee2-6e4ccea65937,alienator.pics,available,1.99,32.49,medium,low,9,namesilo,,,18/09/2026 07:36
99002b72-6099-41c5-b8e4-51636deab891,berg.pics,premium,2660,2660,high,low,4,namesilo,,,18/09/2026 02:21
8a5463ae-8bd0-4328-9f8c-118283d3cbf2,dual.pics,available,1.8,40.98,high,low,4,namecheap,,,14/08/2026 16:37
b5f24ed6-08ac-47fd-b721-b4ad67ce4dd3,quizzical.pics,available,1.8,40.98,medium,low,9,namecheap,,,09/09/2026 08:39
69bc22f5-2d97-46db-9b33-409e162b57d2,lane.pics,available,1.99,,high,low,4,name.com,,,
9e4f1a7b-5c1e-434d-99d9-ceed339a42da,xeric.pics,available,1.8,40.98,medium,low,5,namecheap,,,13/09/2026 14:07
a7392731-572c-48ca-ba04-d534814906ba,retailing.pics,available,1.99,32.49,high,low,9,namesilo,,,23/09/2026 07:59
d8fa90f6-a26b-4dd1-8d43-e6d03e79f979,cell.pics,available,1.99,32.49,high,low,4,namesilo,,,
3d08af8d-5f8b-4675-b854-812ed0c2b910,bunk.pics,available,1.8,40.98,medium,low,4,namecheap,,,03/09/2026 20:32
2649598a-86b2-476f-a116-8c524b9badea,nowadays.pics,available,1.99,32.49,high,low,8,namesilo,,,27/09/2026 05:06
88dd19c1-c5c8-4095-86aa-a0541e7090e5,diplomacy.pics,available,1.99,32.49,high,low,9,namesilo,,,
2657ca5c-cb1f-404e-a9b4-2e3903fb62a5,zoftig.pics,available,1.8,40.98,medium,low,6,namecheap,,,13/09/2026 14:58
4c0c1371-acd4-4ea0-8251-06a0bd1483b6,quavering.pics,available,1.8,40.98,medium,low,9,namecheap,,,09/09/2026 07:44
bb8b9cde-9f71-4681-9938-44b5ee5262fb,worsening.pics,available,1.99,,medium,low,9,name.com,,,
20ae676d-be27-4f43-9519-7eb9bc9d0388,redo.pics,available,1.99,,high,low,4,name.com,,,
956641b1-fb44-4a46-9f44-8a95d70fcd13,survived.pics,available,1.99,45.99,medium,low,8,name.com,,,19/09/2026 19:18
7c081716-6372-457b-be2f-e1f9362c6e84,rude.pics,available,1.99,32.49,high,low,4,namesilo,,,22/09/2026 16:12
2356cbc6-0e2b-4449-ab48-a7e0f0ce7d88,attender.pics,available,1.8,40.98,medium,low,8,namecheap,,,07/08/2026 15:17
797bd75d-97f1-43d2-a012-fcd309ac6d74,orpin.pics,available,1.8,40.98,medium,low,5,namecheap,,,24/08/2026 08:00
4f526486-977c-461d-a7b5-80f28f945bf9,debut.pics,available,1.8,40.98,high,low,5,namecheap,,,24/09/2026 21:09
4cbf410f-481b-4a2f-bef8-2f8f489389a7,sacculated.pics,available,1.8,40.98,high,medium,10,namecheap,,,09/09/2026 20:36
8ef87434-3d52-463b-bbe9-85be3d4836db,almaty.pics,available,1.99,45.99,medium,low,6,name.com,,,18/09/2026 12:22
764b1f2b-de01-417e-b0e3-2df2424be222,headless.pics,available,1.8,40.98,medium,low,8,namecheap,,,11/08/2026 01:43
d58fd479-fcab-44fd-9138-ef25ff019b97,bedhead.pics,available,1.99,,medium,low,8,name.com,,,
7f80a02c-0882-4c82-858e-bfc432c5027a,pinioned.pics,available,1.8,40.98,high,medium,8,namecheap,,,08/09/2026 19:45
ffcabb12-caaa-4fd1-a2e7-0e6d86b71bad,condemn.pics,available,1.99,32.49,medium,low,7,namesilo,,,
5d6cb447-d24e-4d69-9bc5-ecb1fbab46c4,actifed.pics,available,1.99,32.49,high,medium,7,namesilo,,,17/09/2026 04:37
4b66b967-43ef-408b-a086-ea5508a82bc1,wired.pics,premium,2660,2660,high,low,5,namesilo,,,27/09/2026 08:11
28101438-2481-43d7-a3a2-abcd039500b4,macleod.pics,available,1.54,26.26,medium,low,7,porkbun,,,28/09/2026 02:12
0bead336-759a-404e-ad8a-72366edd2212,such.pics,available,1.24,26.08,high,low,4,spaceship,,,28/09/2026 01:50
18aebba7-e91b-49fa-9e85-61091fe331b5,favourite.pics,available,1.99,45.99,high,low,9,name.com,,,13/08/2026 18:17
cfbf42bf-24f5-45d0-89b9-de65fa677332,edgeways.pics,available,1.8,40.98,medium,low,8,namecheap,,,14/09/2026 15:04
1d46440b-b5c2-4f25-8842-a596e9b159ec,unsocial.pics,available,1.8,40.98,medium,low,8,namecheap,,,12/09/2026 20:11
2ea1bea8-2a70-4875-a969-9c8e18b1688b,striation.pics,available,1.99,32.49,medium,low,9,namesilo,,,22/09/2026 01:19
3ff9bc32-e60e-4b4b-b2a1-e31d93b615b6,miscellany.pics,available,1.8,40.98,medium,low,10,namecheap,,,25/08/2026 08:20
ffc137a2-2dc6-4ff3-9c1a-d533744eeebe,bower.pics,available,1.99,32.49,medium,low,5,namesilo,,,20/09/2026 00:59
b23bdb3c-3a44-4a29-a72a-c658df690dab,stradivari.pics,available,1.99,32.49,medium,low,10,namesilo,,,19/09/2026 15:41
ccc4251b-b9bf-4adb-ab09-c91cb20f0076,templates.pics,available,1.99,32.49,high,low,9,namesilo,,,18/09/2026 15:03
70e347a3-4467-4615-aed5-a74853b36cb8,lacerate.pics,available,1.8,40.98,medium,low,8,namecheap,,,22/08/2026 17:51
f450764f-8f90-4f20-8e4c-e0ea06e5f81b,bezique.pics,available,1.99,45.99,medium,low,7,name.com,,,23/09/2026 12:24
7d819b8f-0105-4914-9b85-5562b4b42cdf,castrated.pics,available,1.8,40.98,medium,low,9,namecheap,,,11/08/2026 20:30
be2e8eb0-32ce-4b90-b864-56645eeae8d1,ahuehuete.pics,available,1.99,32.49,medium,low,9,namesilo,,,17/09/2026 20:34
4c2f92f2-c4aa-4ca3-9cb8-68f5ce084242,barite.pics,available,1.99,32.49,medium,low,6,namesilo,,,22/09/2026 06:13
a22c45c4-dae5-4ffb-8eb5-fd25d2cf4a75,thinly.pics,available,1.8,40.98,medium,low,6,namecheap,,,11/09/2026 13:26
f3f0af54-a45b-47a7-8e35-f4f2a92b1e72,nazarene.pics,available,1.8,40.98,high,low,8,namecheap,,,14/08/2026 23:06
2d3b32b9-20b1-4e25-924a-5a821c6eb25d,foiled.pics,available,1.8,40.98,medium,low,6,namecheap,,,14/08/2026 09:27
3bc8fb14-46a6-45d8-b0e8-4906ad008d8f,calming.pics,available,1.8,40.98,high,low,7,namecheap,,,19/09/2026 20:28
024ed7b0-d72b-44be-86db-db9498a3a074,material.pics,available,1.99,32.49,high,low,8,namesilo,,,23/09/2026 23:27
cb0fee09-fe1d-4b7f-a25c-59481943d061,finical.pics,available,1.8,40.98,medium,low,7,namecheap,,,18/08/2026 04:56
f2f3bd80-3b04-4e99-81e0-2da31612c265,sanctions.pics,available,1.99,32.49,medium,low,9,namesilo,,,20/09/2026 01:56
8fbeca97-03ee-40c6-a53f-3021c6f5d284,articular.pics,available,1.8,40.98,medium,low,9,namecheap,,,06/08/2026 23:26
80b417ad-402b-423d-8636-62e41950b3b4,passable.pics,available,1.99,32.49,medium,low,8,namesilo,,,24/09/2026 16:16
ffc2b6bd-d4b9-49b2-af5b-ade7722304f5,rollins.pics,available,1.99,32.49,high,low,7,namesilo,,,27/09/2026 08:03
9b3ceff8-7334-40a0-84a1-456ace27b6c5,terzetto.pics,available,1.8,40.98,high,low,8,namecheap,,,
56b953b6-1071-4dad-b91c-5c4aad4630c6,bacchus.pics,available,1.99,32.49,high,low,7,namesilo,,,21/09/2026 14:02
7e06d55f-d0b0-48d4-973c-fce45e51c705,speculate.pics,available,1.99,,high,low,9,name.com,,,
622a412d-8b3f-463f-98c1-8b3c17f6219d,unstarred.pics,available,1.8,40.98,medium,low,9,namecheap,,,12/09/2026 01:15
ade36eaa-5af6-4b98-a07c-161998a89cb7,dowdy.pics,available,1.8,40.98,medium,low,5,namecheap,,,14/08/2026 17:09
41f0240e-61d0-4fda-bbd8-5790a595e066,mechanic.pics,available,1.99,32.49,high,low,8,namesilo,,,25/09/2026 18:40
cfba1dac-9cf8-43c7-a60b-33204a8cb833,sargent.pics,available,1.99,32.49,medium,low,7,namesilo,,,27/09/2026 04:36
bab48c6f-e5fe-4d63-b2e4-178968fc0a13,vocalists.pics,available,1.99,32.49,medium,low,9,namesilo,,,19/09/2026 21:58
37973c98-080f-4965-b01a-30b30add6e53,unaltered.pics,available,1.8,40.98,high,low,9,namecheap,,,12/09/2026 00:30
543e0a76-3c52-415c-b56a-653816c6b6a2,zambian.pics,available,1.8,40.98,high,low,7,namecheap,,,13/09/2026 15:05
21a5bfe2-32ed-4e14-8bea-195dce356bf4,perceiving.pics,available,1.99,,high,low,10,name.com,,,
bdab58f2-a3eb-41f6-b6bb-f9529b609ce7,impeding.pics,available,1.8,40.98,medium,low,8,namecheap,,,12/08/2026 11:44
affba9be-a179-46bd-b874-476f1336a1e3,merged.pics,available,1.8,40.98,high,low,6,namecheap,,,22/08/2026 01:59
07fece0a-86ab-4c62-a288-d003a99165cf,frothing.pics,available,1.8,40.98,medium,low,8,namecheap,,,18/08/2026 09:42
f4c4fbba-9122-467b-84f9-f1a04e1f1bc9,reprieve.pics,available,1.99,32.49,high,low,8,namesilo,,,16/09/2026 14:08
6bb4d503-98ad-4f38-8735-2baa95669307,multiflora.pics,available,1.8,40.98,high,low,10,namecheap,,,21/09/2026 13:38
06efaac2-66d6-4ec2-b169-f9f201aa1c18,planless.pics,available,1.8,40.98,medium,low,8,namecheap,,,
23a38e4e-729b-4ea8-9f35-2abbb3291eb6,await.pics,available,1.99,32.49,high,low,5,namesilo,,,
4224bf29-630a-4060-aa00-1f07b34fcf2c,chatterbox.pics,available,1.99,32.49,high,low,10,namesilo,,,21/09/2026 12:28
d4fdf39a-108c-4a89-9a46-a5bab203be86,generators.pics,available,1.99,32.49,medium,low,10,namesilo,,,
cd2b1fbd-8acb-4ac4-8f8d-cc26d6fefe40,destinies.pics,available,1.99,32.49,high,low,9,namesilo,,,20/09/2026 07:12
d7b46d11-f55c-458f-a26e-a872153e66a4,neck.pics,available,1.99,,high,low,4,name.com,,,
28ab71cd-a6ef-4d3d-af95-fbf982e830dd,album.pics,resell,,,high,low,5,Dynadot Inc,11/08/2022 20:22,11/08/2027 23:59,26/09/2026 01:29
48d0fae3-662e-4824-b2a3-ac53303ca980,anu.pics,available,1.99,32.49,medium,low,3,namesilo,,,19/09/2026 15:50
e2d405d1-acc1-440b-9d17-a0a288b9b4ac,hobble.pics,available,1.8,40.98,medium,low,6,namecheap,,,23/08/2026 13:26
a8c82a43-1333-4d49-a04d-a24399d719d3,snuggery.pics,available,1.8,40.98,high,medium,8,namecheap,,,10/09/2026 12:53
520c1830-493f-4e54-9af3-21c4ed399a67,mortified.pics,available,1.8,40.98,medium,low,9,namecheap,,,18/08/2026 20:17
93a0133b-5153-4f1d-a849-13500ebba6a4,banish.pics,available,1.99,32.49,medium,low,6,namesilo,,,24/09/2026 01:57
f233ec85-fb20-417a-9fe0-01c1dc37da8d,aralia.pics,available,1.8,40.98,medium,low,6,namecheap,,,19/09/2026 23:52
a9d909e0-23dd-4523-97c8-3a05f263b8d8,beady.pics,available,1.8,40.98,medium,low,5,namecheap,,,09/08/2026 03:23
fd2aa813-075a-4f70-a003-ad8ea356f61b,marrow.pics,available,1.8,40.98,high,low,6,namecheap,,,14/09/2026 23:46
80bae49a-755d-49a4-ba15-cd151a415574,aesthesia.pics,available,1.8,40.98,medium,low,9,namecheap,,,17/09/2026 13:26
d9c3266e-db39-48bc-9a02-0618db7ef9fd,commercially.pics,available,1.99,,high,low,12,name.com,,,
0666c9ba-1896-46f3-89de-1fcefbbda4e1,sympathetic.pics,available,1.99,,high,low,11,name.com,,,
928d8750-a4f8-4271-814a-f0c00c46a4ae,radial.pics,available,1.8,40.98,high,low,6,namecheap,,,09/09/2026 09:30
01dfb7e5-e63b-4498-a767-ed257e3d1f7d,delhi.pics,premium,845,845,high,low,5,namecheap,,,24/09/2026 21:36
364506b3-b2c1-466e-beb2-a728da4e04b4,sparkly.pics,available,1.8,40.98,high,low,7,namecheap,,,
54db25d3-db80-425d-8e4a-292930ba7cea,motherly.pics,available,1.8,40.98,high,low,8,namecheap,,,25/08/2026 07:06
e9bbddd7-19e2-48ef-b7a3-d77fd8dc40fd,parties.pics,available,1.8,40.98,high,low,7,namecheap,,,17/09/2026 10:18
adfe523e-f65d-46e7-b8d6-6d0eb89d7376,digitate.pics,available,1.8,40.98,medium,low,8,namecheap,,,14/08/2026 07:19
68d60030-c707-475a-a234-cd3acc0e10e2,buffer.pics,available,1.99,32.49,high,low,6,namesilo,,,
1bc24e9d-a462-449c-b30b-6d1bc97c216d,admonition.pics,available,1.99,32.49,medium,low,10,namesilo,,,17/09/2026 09:03
16cbb7fb-a74b-4304-a4bf-c52df8b41760,piebald.pics,available,1.8,40.98,medium,low,7,namecheap,,,03/09/2026 10:37
80fe5d65-62bc-482f-97f4-bf03c3a02808,runabout.pics,available,1.99,,medium,low,9,name.com,,,
b3720c74-f699-45ed-861a-54eeec67d99e,outcomes.pics,available,1.99,32.49,medium,low,8,namesilo,,,19/09/2026 12:31
db90b936-00a3-4ca7-863f-881be2a4e9ef,saunders.pics,available,1.24,26.08,high,low,8,spaceship,,,27/09/2026 19:44
23c6e6e8-a06e-41ed-8171-ba85b322bd4a,nattily.pics,available,1.8,40.98,medium,low,7,namecheap,,,15/09/2026 16:12
28cd3f0f-bf12-4c8e-9405-5f072db986fa,detector.pics,available,1.99,32.49,high,low,8,namesilo,,,24/09/2026 21:49
2b41db13-58b5-443a-9ceb-cc184138c06a,inherent.pics,available,1.99,32.49,high,low,8,namesilo,,,23/09/2026 10:30
8f3224b0-40bb-4540-8a92-74b7433e9029,tentacular.pics,available,1.8,40.98,medium,low,10,namecheap,,,11/09/2026 11:35
310e2c68-f33b-4625-b07d-39b953689b32,buchanan.pics,available,25.2,20.2,high,low,8,cloudflare,,,28/09/2026 01:11
cace07b9-c03e-4b9c-ac0e-360177a7c08b,bioscope.pics,available,1.8,40.98,medium,low,8,namecheap,,,23/09/2026 19:01
b153cdb6-8c21-468f-877a-e6a276fcc9e4,directory.pics,resell,,,high,low,9,"Spaceship, Inc.",17/02/2026 14:15,17/02/2027 23:59,26/09/2026 05:35
f6bbbbf0-dfd9-42f2-b0d9-844329004480,hastings.pics,available,1.99,32.49,high,low,8,namesilo,,,22/09/2026 15:09
cbe5044c-8761-4904-b568-c4bc99715011,knavish.pics,available,1.8,40.98,medium,low,7,namecheap,,,13/08/2026 04:34
11bfc777-3373-4579-9a92-d610760c93e4,wapiti.pics,available,1.8,40.98,high,low,6,namecheap,,,18/09/2026 19:45
78df6678-8f3b-4e16-a0cb-c445cd05adf4,botanic.pics,available,1.8,40.98,high,low,7,namecheap,,,10/08/2026 20:46
d44c8302-02df-4346-b50f-1959911e4359,anglomania.pics,available,1.99,32.49,medium,low,10,namesilo,,,19/09/2026 06:51
c0718bf7-821d-4f93-a64f-3b1567a57ac2,memorably.pics,available,1.8,40.98,high,low,9,namecheap,,,15/09/2026 14:01
707b915e-6c75-4eb5-9df9-c1fd1303f1f6,northampton.pics,available,1.99,32.49,medium,low,11,namesilo,,,25/09/2026 14:57
c5071a5c-b48b-41d8-80f1-6c30b32fdfbe,hyaline.pics,available,1.8,40.98,medium,low,7,namecheap,,,21/08/2026 16:06
097dbb2d-a29f-40ad-82a3-50e84d49c0d4,heraldic.pics,available,1.8,40.98,medium,low,8,namecheap,,,21/08/2026 06:53
a8d2e98f-7a69-4d95-83a8-4ff449455b86,subclavian.pics,available,1.8,40.98,medium,low,10,namecheap,,,10/09/2026 23:40
17df8c7f-431b-4105-a1ba-64626cdcd31e,along.pics,available,1.99,32.49,high,high,5,namesilo,,,26/09/2026 00:12
806545fc-a7ab-416f-93c3-ab9c7a33e5fb,isomorphic.pics,available,1.8,40.98,medium,low,10,namecheap,,,22/08/2026 11:12
2085eb89-b32d-4dcd-9fd2-3d6fe551f924,woeful.pics,available,1.8,40.98,medium,low,6,namecheap,,,17/08/2026 16:46
b0587f56-b10b-457e-b51e-44c32b130024,visionary.pics,available,1.8,40.98,high,low,9,namecheap,,,13/09/2026 06:13
d16a2647-12a1-4c54-9283-3325a895e841,campana.pics,available,1.99,32.49,high,low,7,namesilo,,,23/09/2026 05:51
67937636-1358-4942-af2c-e3e9f1769681,forepart.pics,available,1.8,40.98,medium,low,8,namecheap,,,18/08/2026 16:13
fd114966-8509-4c72-928c-88007a5a2445,flagfish.pics,available,1.8,40.98,medium,low,8,namecheap,,,18/09/2026 19:58
6a42af7f-73ab-4d5b-aa7c-f237c01ba7e0,supplied.pics,available,1.99,,medium,low,8,name.com,,,
20a11092-7880-42f0-af93-79a20b494458,bontemps.pics,available,1.99,32.49,high,low,8,namesilo,,,20/09/2026 08:07
073c04b2-f806-4cff-b9b0-b58519069509,deceptive.pics,available,1.8,40.98,medium,low,9,namecheap,,,13/08/2026 21:16
430f534c-03f4-42ef-9629-649b3da76e5f,flinty.pics,available,1.8,40.98,medium,low,6,namecheap,,,18/08/2026 08:18
29e549c2-61b9-486e-afcf-521c5f2fe29e,aalto.pics,available,1.99,32.49,high,low,5,namesilo,,,16/09/2026 13:16
1c43583a-9f4c-48fd-b676-172d8f39e9b4,bragg.pics,available,1.99,32.49,medium,low,5,namesilo,,,25/09/2026 21:58
a7a956a7-d44c-4b1b-817b-0205381c0685,whacked.pics,available,1.8,40.98,medium,low,7,namecheap,,,13/09/2026 11:08
83ba1a71-9127-4a1c-8f61-1f92f9901af8,unwonted.pics,available,1.8,40.98,low,low,8,namecheap,,,12/09/2026 22:48
ccc8ed27-76cc-47b3-88bd-fcfca52fcc7b,transposed.pics,available,1.8,40.98,medium,low,10,namecheap,,,11/09/2026 18:59
540ffe43-3684-4117-8628-f9e043a67177,canned.pics,available,1.8,40.98,high,low,6,namecheap,,,11/08/2026 17:10
a2281834-625d-4946-a7c7-b52ab08b37a7,nitid.pics,available,1.8,40.98,medium,low,5,namecheap,,,
fd7c613e-f4af-437f-b413-f4f41db99387,abort.pics,available,1.99,32.49,high,low,5,namesilo,,,16/09/2026 16:38
63e2b519-712a-4b61-8c2e-03eb4bd1f911,sightly.pics,available,1.8,40.98,high,low,7,namecheap,,,10/08/2026 18:49
02dece2a-1a7a-4bdf-ac4a-255dd19b2f2a,martian.pics,available,1.8,40.98,high,low,7,namecheap,,,24/08/2026 16:37
bbf4d74b-911e-4b91-a5a0-e54024d290bb,pearson.pics,available,1.99,32.49,high,medium,7,namesilo,,,25/09/2026 17:36
ba734317-b383-4a83-a74d-91e47913b1b4,outlined.pics,available,1.8,40.98,high,low,8,namecheap,,,04/09/2026 19:31
19213f4b-5ba4-431b-8119-cf70ad489c98,turnout.pics,available,1.99,,high,low,8,name.com,,,
747c3dae-6244-4b51-ba3d-6e6994f54aaf,treasury.pics,available,1.99,32.49,high,low,8,namesilo,,,24/09/2026 21:57
40af7762-1fae-42c0-ab8a-4a2b608c975e,citified.pics,available,1.8,40.98,medium,low,8,namecheap,,,12/08/2026 08:47
b5858063-314f-419c-94a5-bb47f87ae232,contacted.pics,available,1.99,26.97,medium,low,9,dynadot,,,28/09/2026 00:26
eb69eb43-11ee-4b7f-889a-199e060b1759,puissant.pics,available,1.8,40.98,medium,low,8,namecheap,,,09/09/2026 05:53
c66fc9b8-c584-4f16-bf56-130e199f6703,reacted.pics,available,1.99,32.49,medium,low,7,namesilo,,,20/09/2026 00:48
8de37ace-44d7-4c4b-84b6-481f13e2538f,empathic.pics,available,1.8,40.98,high,low,8,namecheap,,,16/08/2026 16:41
f3ff4791-bdfd-4882-a900-1a6adfebca4f,parietal.pics,available,1.8,40.98,medium,low,8,namecheap,,,08/09/2026 01:33
cf4d2abb-bf8c-4889-953f-b7882c62eddc,league.pics,available,1.99,,high,low,6,name.com,,,
f4149177-e858-48dc-a21d-3bfd94fee3f7,until.pics,available,1.99,,medium,low,5,name.com,,,
f2b48efa-0203-4a42-b115-dafd0e2ec82c,tashkent.pics,available,1.8,40.98,medium,low,8,namecheap,,,24/09/2026 12:32
cffcf63a-76e9-47fd-98ca-a8578dc601d7,brim.pics,available,1.99,32.49,high,low,4,namesilo,,,24/09/2026 10:24
f2a343f6-5103-4fe2-849b-77cf3fd5422a,rimy.pics,available,1.8,40.98,medium,low,4,namecheap,,,09/09/2026 17:41
d3682294-0289-45bb-b781-cc22b147ae5b,intended.pics,available,1.8,40.98,high,low,8,namecheap,,,25/09/2026 09:53
3b339045-fc17-4418-8611-d08625704d9c,worship.pics,available,1.99,45.99,high,low,7,name.com,,,17/09/2026 09:43
4c06ac09-a58e-4b73-9b41-ea6a76733875,usage.pics,available,1.99,32.49,high,low,5,namesilo,,,24/09/2026 04:06
14d4e405-8a5b-4dba-adfa-408a25bc3494,pandemic.pics,available,1.8,40.98,high,low,8,namecheap,,,05/09/2026 00:38
becd6c72-7e8b-4637-9a8c-fec954e30669,foil.pics,available,1.8,40.98,high,low,4,namecheap,,,09/09/2026 08:18
8f1d8b21-df5c-4793-bb15-d3ce6f805aff,voracious.pics,available,1.8,40.98,medium,low,9,namecheap,,,15/08/2026 06:15
a490adef-bf1e-4055-a47a-95ff14141313,profoundly.pics,available,1.8,40.98,high,low,10,namecheap,,,14/09/2026 11:16
7d15d1a7-80d5-46b2-8bdc-545c4fb6cba1,glib.pics,available,1.8,40.98,medium,low,4,namecheap,,,20/08/2026 14:26
280c9013-7d71-4559-92b7-707b526df3ad,systematic.pics,available,1.8,40.98,high,low,10,namecheap,,,11/09/2026 06:44
2e15ffe6-7a8f-4893-b3fd-24c4948fe4b6,propose.pics,available,1.99,,high,low,7,name.com,,,
27bb8ded-b7de-4900-8a0c-9cd0b3c3cff9,moderator.pics,available,1.99,,high,low,9,name.com,,,
bdf98c84-6a9e-452a-a81f-f4e2245e9936,stabbing.pics,available,1.8,40.98,medium,low,8,namecheap,,,22/08/2026 19:19
d95e0670-b8cc-4b1c-95b4-1b5833a71e87,endwise.pics,available,1.8,40.98,medium,low,7,namecheap,,,14/09/2026 15:37
051f4b1b-3ae6-4ced-80a6-55735131749e,brassiere.pics,available,1.99,32.49,high,low,9,namesilo,,,22/09/2026 01:02
e0865e2f-98c2-4bbe-aca8-58d9758cd200,auld.pics,available,1.8,40.98,medium,low,4,namecheap,,,07/08/2026 17:21
aa3b629b-e092-4e2a-b32c-c76c380935ea,richly.pics,available,1.8,40.98,high,low,6,namecheap,,,13/09/2026 19:38
fefa0cff-81a0-4629-aec2-43a9aa712644,arminius.pics,available,1.99,32.49,medium,low,8,namesilo,,,20/09/2026 07:08
18d6c9c6-2e76-4c66-bcb4-2838d7b1ea24,pathless.pics,available,1.8,40.98,medium,low,8,namecheap,,,08/09/2026 10:25
32603b9d-f8bd-4dd5-bc48-00cc28909bc5,surd.pics,available,1.8,40.98,medium,low,4,namecheap,,,11/09/2026 03:41
b790a0fe-bff4-4125-a418-1bc37c9f8174,primer.pics,premium,812.5,,high,low,6,name.com,,,
9788115d-b89e-4066-baa1-bdaf3990762f,seamed.pics,available,1.8,40.98,medium,low,6,namecheap,,,10/09/2026 00:45
b276ac56-e0a8-4905-9a0c-841354de9866,pinochle.pics,available,1.99,32.49,medium,low,8,namesilo,,,23/09/2026 12:19
753b61c2-f6af-4f3a-8fa6-18ecc78a1169,beshrew.pics,available,1.99,45.99,medium,low,7,name.com,,,13/08/2026 16:19
aba4d068-7a6b-49a4-8bb0-aa4b162d98b4,wheezy.pics,available,1.8,40.98,medium,low,6,namecheap,,,07/08/2026 09:31
5c9279c5-44b6-4586-a7dd-71ab0b48dfac,choppy.pics,available,1.99,32.49,medium,low,6,namesilo,,,23/09/2026 14:30
fcc176b9-a2fe-4836-9204-7d4419f6f4af,anathema.pics,available,1.99,32.49,medium,low,8,namesilo,,,19/09/2026 03:24
4ca95c4d-fe29-4644-b635-56cdf476088c,piercing.pics,available,1.8,40.98,high,low,8,namecheap,,,22/08/2026 01:25
dcb1e213-728c-4ac5-bcf1-952599f5e9e8,beautifully.pics,available,1.99,32.49,high,low,11,namesilo,,,
5be45611-dab0-4582-aee1-7c2ab03bd440,cleanly.pics,available,1.8,40.98,high,low,7,namecheap,,,12/08/2026 10:21
b294fa8e-e967-44ae-a4f3-13165e89ce8e,unwed.pics,available,1.8,40.98,high,low,5,namecheap,,,12/09/2026 22:35
5753627b-ca9c-4f97-830f-edc555000225,during.pics,available,1.99,32.49,medium,low,6,namesilo,,,
081841b0-37d4-4839-bc5c-786d7339ad26,milch.pics,available,1.8,40.98,medium,low,5,namecheap,,,24/08/2026 22:55
d50d5b32-a627-48a5-9f2f-05fca7c16128,tautog.pics,available,1.99,32.49,medium,low,6,namesilo,,,24/09/2026 02:17
52bd924d-25bd-4e7b-869c-338daf8dfb18,rein.pics,available,1.99,,high,low,4,name.com,,,
b0fe736e-549e-42de-8879-f893519e9227,braces.pics,available,1.99,32.49,high,low,6,namesilo,,,24/09/2026 07:52
e73bb633-1cc1-4e82-91d0-dd7936c59aa5,observable.pics,available,1.8,40.98,high,low,10,namecheap,,,03/09/2026 23:59
71c8480d-c176-488c-8849-0674c605e18b,tail.pics,available,1.8,40.98,high,low,4,namecheap,,,22/09/2026 19:11
ccae6c55-33e5-4f98-bf64-f23048ca19e7,literate.pics,available,1.8,40.98,high,low,8,namecheap,,,24/08/2026 07:26
8d49fdc6-2604-452d-9592-20907f72dd30,toxicant.pics,available,1.8,40.98,medium,low,8,namecheap,,,08/09/2026 22:42
03543eed-721b-4129-9aa2-45049f029bdf,weigh.pics,available,1.24,26.08,medium,low,5,spaceship,,,28/09/2026 02:22
1625adce-ca81-41ed-a551-259a61413356,childish.pics,available,1.8,40.98,high,low,8,namecheap,,,12/08/2026 05:02
6a913533-4051-4187-9be9-e06dcfff341e,undoable.pics,available,1.8,40.98,medium,low,8,namecheap,,,11/09/2026 23:41
d48504eb-a6e2-410a-8449-3ac2f66a3dfc,angry.pics,available,1.99,32.49,high,low,5,namesilo,,,26/09/2026 03:52
2bdff400-ac7f-43ad-9f00-0244ee23c498,shellproof.pics,available,1.8,40.98,medium,low,10,namecheap,,,10/08/2026 18:11
89474326-4619-4aff-a2bc-aa4f71d5199f,currently.pics,available,1.99,,high,low,9,name.com,,,
08a8a983-a8aa-4f07-87f9-14eea3566760,isomeric.pics,available,1.8,40.98,medium,low,8,namecheap,,,22/08/2026 11:08
ade1d0e8-e46c-44cd-a4e7-f3634fa88ead,symmetric.pics,available,1.8,40.98,high,low,9,namecheap,,,11/09/2026 06:03
a959dd96-1f79-4798-a8dd-c838be8e6f97,habitual.pics,available,1.8,40.98,high,low,8,namecheap,,,20/08/2026 21:28
a4c24715-6117-420a-9d58-14b7095d7bd4,bookstore.pics,available,1.99,32.49,high,low,9,namesilo,,,24/09/2026 07:17
c3961fbe-a9a0-4568-a2ce-d31d93f7732b,genetical.pics,available,1.8,40.98,medium,low,9,namecheap,,,18/08/2026 21:37
310d7e06-6cf7-410c-a46d-43b4419e977a,baste.pics,available,1.99,32.49,medium,low,5,namesilo,,,22/09/2026 12:43
c609bc0c-8f5c-481b-82e8-dd59a111ce40,malar.pics,available,1.8,40.98,medium,low,5,namecheap,,,13/09/2026 15:43
15bd2c88-d1d7-4949-be28-4f6e51c75126,organ.pics,available,1.99,,high,low,5,name.com,,,
4a04e291-5d34-4a55-a32c-9580bf2b52c4,barman.pics,available,1.99,32.49,medium,low,6,namesilo,,,22/09/2026 06:19
b021ece1-a219-428c-ac61-df7877a4555f,asteroid.pics,available,1.99,32.49,high,low,8,namesilo,,,22/09/2026 10:17
c9718f13-b531-48d2-9f44-52414d3427e6,trieste.pics,available,1.99,32.49,medium,low,7,namesilo,,,27/09/2026 18:38
06d857bb-4a82-4dc3-887d-04d7188760c1,yoruba.pics,available,1.99,32.49,high,low,6,namesilo,,,18/09/2026 00:15
ac2a4a03-517e-40d5-b50f-f6b6f11bc2c6,goddamned.pics,available,1.8,40.98,medium,low,9,namecheap,,,10/08/2026 12:48
ef01b195-fdbf-414a-bce6-c1632c4fb99e,forbidding.pics,available,1.8,40.98,medium,low,10,namecheap,,,18/08/2026 11:08
a9316705-988e-4aeb-8b7f-8d343a2f470c,bicyclic.pics,available,1.8,40.98,high,low,8,namecheap,,,09/08/2026 19:48
d5381372-6c3f-40aa-866e-00bc91983fae,wonders.pics,available,1.99,32.49,high,low,7,namesilo,,,18/09/2026 02:01
8e64d884-df8a-4f75-999f-bc16f0fcada3,covenant.pics,available,1.99,32.49,high,low,8,namesilo,,,
15c81c9e-bf96-4470-b9cc-b255f9f9a1a0,threadbare.pics,available,1.8,40.98,medium,low,10,namecheap,,,08/08/2026 11:10
54230cb8-c3c6-46ae-8906-5849419de3b9,magnetised.pics,available,1.8,40.98,medium,low,10,namecheap,,,24/08/2026 13:06
94e429a5-2c8d-4581-8201-38e941117595,ascaris.pics,available,1.99,32.49,medium,low,7,namesilo,,,20/09/2026 13:03
f4d11da4-5847-4ed3-b8a3-050a862d9c50,transmitted.pics,available,1.99,32.49,medium,low,11,namesilo,,,16/09/2026 07:54
ee98443a-67f8-42aa-9f71-c18d3fef596c,neutered.pics,available,1.8,40.98,medium,low,8,namecheap,,,03/09/2026 16:35
a4229b67-5a33-4469-96e0-1fc5e27581c2,scrabble.pics,available,1.99,32.49,high,low,8,namesilo,,,24/09/2026 23:30
85be2f85-c647-4285-9a8d-53a473cbb339,actias.pics,available,1.99,32.49,medium,low,6,namesilo,,,17/09/2026 04:29
cb25ccca-2bec-4b00-96bd-b1864b3cba95,exam.pics,available,1.99,32.49,high,low,4,namesilo,,,27/09/2026 03:51
5f9d0463-4307-4c03-a3fa-124766fa5d4f,gyral.pics,available,1.8,40.98,medium,low,5,namecheap,,,20/08/2026 21:19
997d48d1-3e9a-4674-a74d-472011e94974,distributed.pics,available,1.8,40.98,high,low,11,namecheap,,,
db11189c-ec0a-458e-b203-a839ca26d4c0,verifiable.pics,available,1.8,40.98,high,low,10,namecheap,,,12/08/2026 20:51
68587182-591f-4f91-af17-fe08c4978cdc,reversible.pics,available,1.24,26.08,high,low,10,spaceship,,,27/09/2026 14:17
6c390d7b-8e10-4b8d-b80d-d745cc2f98c6,oneself.pics,available,1.99,,high,low,7,name.com,,,
619ad095-fcce-497e-b60a-9984951c88bd,anlage.pics,available,1.99,32.49,medium,low,6,namesilo,,,19/09/2026 09:53
9eea08c5-2699-46b9-85ef-05a44131cd44,teensy.pics,available,1.8,40.98,high,low,6,namecheap,,,10/08/2026 08:01
aa7a194d-c3c5-421e-9612-a62e01557391,omissive.pics,available,1.8,40.98,medium,low,8,namecheap,,,04/09/2026 02:28
7e9eca3d-9349-46a9-aedd-a25294621c49,bodiless.pics,available,1.8,40.98,medium,low,8,namecheap,,,10/08/2026 16:48
885a2455-3b1e-4530-9c43-6d0ef9564e45,purifying.pics,available,1.8,40.98,high,medium,9,namecheap,,,09/09/2026 06:18
6a56bf08-5123-4e60-b8c4-428de5724ea8,anorectal.pics,available,1.8,40.98,medium,low,9,namecheap,,,
f07c4ec8-b3ab-44f7-b4d8-3d90b1557b4a,item.pics,available,1.99,,high,low,4,name.com,,,
d5725010-d09d-400f-a52e-bdaa809796fb,functions.pics,available,1.8,40.98,medium,low,9,namecheap,,,17/09/2026 05:18
a539db8f-f349-4d82-bbe1-8bc28f41a3fd,becoming.pics,available,1.8,40.98,high,low,8,namecheap,,,09/08/2026 06:08
0bea8176-8a37-490b-a081-9f8665e461ee,sunshade.pics,available,1.99,32.49,high,low,8,namesilo,,,21/09/2026 10:14
a4f5cb81-2c44-4a67-8c65-3e84691ffaa5,suppressed.pics,available,1.8,40.98,high,medium,10,namecheap,,,10/09/2026 12:14
3685012d-c385-4e84-8976-436fcfea3258,taunt.pics,available,1.8,40.98,medium,low,5,namecheap,,,11/09/2026 09:13
30e72b19-8bba-465e-9115-f99e7eb7db7a,balsam.pics,available,1.99,45.99,high,low,6,name.com,,,22/09/2026 00:04
98ce32c5-d20c-4638-b60a-2e9e5e3d91af,larson.pics,premium,845,845,medium,low,6,namecheap,,,27/09/2026 01:48
00797315-46fe-4c70-ba3b-0a3bafa5cd09,cubistic.pics,available,1.8,40.98,medium,low,8,namecheap,,,13/08/2026 10:05
7e4bb756-db4c-4991-9727-0cc50db4bdad,improving.pics,available,1.8,40.98,high,low,9,namecheap,,,21/08/2026 23:17
4dc2be04-915c-4cbf-ab5d-00f0e965b266,experienced.pics,available,1.99,32.49,high,low,11,namesilo,,,
02e8da01-d9ee-46f5-b3dd-e6b690f84009,measurement.pics,available,1.99,,high,low,11,name.com,,,
cd812f4d-7a98-4c7d-a897-6516d60d0889,consulate.pics,available,1.99,32.49,high,low,9,namesilo,,,24/09/2026 17:37
20af2856-02a1-436c-a3f8-00529595813b,plenteous.pics,available,1.8,40.98,medium,low,9,namecheap,,,08/09/2026 21:08
69baa076-e153-46cc-81a7-d56cc92634ce,sunglass.pics,available,1.99,,high,low,8,name.com,,,
0cddadce-5f4c-4cd7-a511-ae715adc1aac,identifier.pics,available,1.99,,high,low,10,name.com,,,
ec326515-5794-4ed2-b8db-cabe28a2709c,hoarfrost.pics,available,1.8,40.98,medium,low,9,namecheap,,,21/08/2026 10:07
990dacc0-f523-484f-87fe-84c0cb393cfa,surmisable.pics,available,1.8,40.98,high,medium,10,namecheap,,,09/09/2026 01:47
ee375e30-1c97-4a45-a6f2-f6d131f5b0ec,mystic.pics,resell,,,high,low,6,Dynadot Inc,25/01/2026 16:13,25/01/2027 23:59,26/09/2026 07:42
6ad04abc-2ac3-4efe-84c4-ce6a554991c8,masterless.pics,available,1.8,40.98,medium,low,10,namecheap,,,24/08/2026 09:55
ca3f6bf9-879e-45ab-a54e-05b70566ad1d,mountains.pics,available,1.99,45.99,medium,low,9,name.com,,,17/09/2026 17:48
ca94537b-842b-4b27-a31b-7bb44802f36d,eudaemonia.pics,available,1.8,40.98,high,low,10,namecheap,,,12/09/2026 22:59
e7de0d51-0e31-4dbc-95b1-047a9e4a9954,boldface.pics,available,1.8,40.98,high,low,8,namecheap,,,10/08/2026 17:43
f8c3bbd8-6812-47f9-93df-acd65b76184a,wideband.pics,available,1.8,40.98,high,low,8,namecheap,,,13/09/2026 11:50
b8a74b58-cfc8-4b8d-8180-4d32bdb17e32,substitution.pics,available,1.99,,high,low,12,name.com,,,
4aa84847-ef2f-4e4d-8e50-4f875ede8078,etc.pics,available,1.99,32.49,high,low,3,namesilo,,,
ae59ef08-b215-4a72-8a22-1a4c37b70e19,degrees.pics,available,1.8,40.98,medium,low,7,namecheap,,,25/09/2026 17:04
a32c9509-2a84-41a3-aa8e-9f7abfa72273,jra.pics,available,1.8,40.98,medium,low,3,namecheap,,,19/09/2026 14:09
5528c621-9f42-4bbf-a66e-c34fc2aa232c,anguine.pics,available,1.8,40.98,medium,low,7,namecheap,,,
d3e75ebd-4f8f-44b9-9c31-5aed769d7c92,bruxelles.pics,available,1.99,32.49,high,low,9,namesilo,,,23/09/2026 04:57
0be81678-e8fe-4436-a4f7-07375d80ccda,munro.pics,available,1.99,26.97,high,low,5,dynadot,,,27/09/2026 13:53
514918eb-cb0c-4a50-a1be-c609a6db96c5,kinsey.pics,available,1.99,32.49,high,low,6,namesilo,,,18/09/2026 06:26
2172bb8b-6a2f-4e34-8207-6f181b515ea0,visiting.pics,available,1.99,,high,low,8,name.com,,,
04187723-137e-47df-9994-57c0180dcd11,gerry.pics,available,1.99,32.49,medium,low,5,namesilo,,,25/09/2026 15:41
281d4f59-8314-4872-93ea-76c256d0b34c,benefic.pics,available,1.8,40.98,medium,low,7,namecheap,,,09/08/2026 14:18
651228fa-b2a3-4274-a8f3-79c4cb833835,raging.pics,available,1.8,40.98,high,medium,6,namecheap,,,09/09/2026 09:44
5ce81fcb-327e-45e4-abf5-ad3ad1f55663,agitprop.pics,available,1.8,40.98,medium,low,8,namecheap,,,17/09/2026 18:14
9f7abf60-b4bc-48e3-8d94-2b6a99553e2a,sneezy.pics,available,1.8,40.98,high,medium,6,namecheap,,,10/09/2026 12:34
0bdb9f41-11f5-4cf4-93e0-53383b1e0ab3,agapornis.pics,available,1.99,32.49,medium,low,9,namesilo,,,17/09/2026 16:13
8e1fdc31-c271-4940-9488-254113902600,acorus.pics,available,1.99,32.49,medium,low,6,namesilo,,,17/09/2026 02:25
e8aa6566-9f8d-4aec-8699-adbb70e32e69,untraveled.pics,available,1.8,40.98,medium,low,10,namecheap,,,12/09/2026 21:42
40ce3bb4-3482-48a1-8a0f-c630ae5cebf3,alamo.pics,available,1.99,32.49,high,medium,5,namesilo,,,
66b376a9-8f32-420d-968a-793b28baef18,unshelled.pics,available,1.8,40.98,high,medium,9,namecheap,,,10/09/2026 06:23
c5ca5fc0-b302-44e7-a782-5cde6bc3e58f,ravioli.pics,available,1.99,32.49,high,low,7,namesilo,,,24/09/2026 12:37
9834b4f4-20b1-420a-a179-373c38caabc7,nodded.pics,available,1.99,45.99,medium,low,6,name.com,,,18/09/2026 03:34
cea44f9a-c428-4a71-b16d-18da2bbb80fc,privily.pics,available,1.8,40.98,medium,low,7,namecheap,,,15/09/2026 21:31
daeb04f2-162f-4935-bad8-1ad5efb65349,sheik.pics,available,1.99,45.99,high,low,5,name.com,,,13/08/2026 17:11
b897b459-a879-48ed-b0c6-aff34e68972e,practitioners.pics,available,1.99,45.99,medium,low,13,name.com,,,20/09/2026 23:01
ede67099-5797-4b36-8c7b-770374d2499c,acropetal.pics,available,1.8,40.98,medium,low,9,namecheap,,,
fe85abb3-1257-49e2-a681-1b39563f15f6,lorraine.pics,available,1.99,32.49,high,low,8,namesilo,,,25/09/2026 09:09
82ddd403-9ab8-45a1-b69d-f7280614169e,wonderful.pics,resell,,,high,low,9,"Spaceship, Inc.",15/01/2026 20:49,15/01/2027 23:59,26/09/2026 10:12
045b048b-8e07-4fc2-b720-5ded2575e873,grab.pics,premium,2660,2660,high,high,4,namesilo,,,25/09/2026 06:40
b7c86e3b-b7e4-406f-9c2f-4c5a7d7680a8,coding.pics,available,1.99,32.49,high,medium,6,namesilo,,,23/09/2026 08:39
86789e56-97cf-4a26-a7cd-3ced1a4c816a,cooperation.pics,available,1.99,,high,low,11,name.com,,,
6ab577e5-74a5-4cd3-9a93-57871a50b996,expects.pics,available,1.99,32.49,medium,low,7,namesilo,,,20/09/2026 01:39
08df0b6d-fe44-4c4d-9204-99497fc3cad5,scotchtape.pics,available,1.99,32.49,high,low,11,namesilo,,,16/09/2026 11:38
8884d34e-9467-4ac6-bdde-37a352dfebd4,seventies.pics,available,1.99,32.49,high,low,9,namesilo,,,16/09/2026 12:13
a725edb4-600a-4d78-8f5e-ee854479b51c,threepenny.pics,available,1.8,40.98,medium,low,10,namecheap,,,10/09/2026 09:08
2bd856e9-56ec-46ba-adc0-3bd37b58dbbf,stress.pics,available,1.99,,high,low,6,name.com,,,
3692f42a-be52-4d6a-8f65-bda5eb35421b,gingerly.pics,available,1.8,40.98,medium,low,8,namecheap,,,18/08/2026 23:55
9adc7c94-8d09-4e7b-a5c8-cfd07743f373,pouring.pics,available,1.8,40.98,high,low,7,namecheap,,,20/08/2026 21:01
f3b0cdef-2d53-427a-a9e4-7b9d8cfeac0d,feminist.pics,available,1.8,40.98,high,low,8,namecheap,,,18/08/2026 01:02
569e23c6-c81e-4176-972e-32becca4f5be,belt.pics,available,1.99,32.49,high,low,4,namesilo,,,
9381ece4-59f0-4fec-a8e7-63822cd39d9b,prolix.pics,available,1.8,40.98,medium,low,6,namecheap,,,09/09/2026 03:04
692ab37e-a224-4ee0-9941-233b06252a96,paniculate.pics,available,1.8,40.98,medium,low,10,namecheap,,,05/09/2026 01:01
bf477110-59c3-4cc6-b372-9d3e05c02ee9,chiefly.pics,available,1.99,32.49,high,low,7,namesilo,,,25/09/2026 05:59
41c97dcb-31df-4ae6-ad76-22562bf4ebd1,furnishings.pics,available,1.8,40.98,high,low,11,namecheap,,,16/09/2026 18:36
4f629394-55c3-47d3-bbfa-0653c4389e7c,octagonal.pics,available,1.8,40.98,medium,low,9,namecheap,,,04/09/2026 00:37
add4308d-357e-4615-abbc-88d0404248f0,unwritten.pics,available,1.8,40.98,high,low,9,namecheap,,,04/09/2026 17:17
c054fc11-342d-4354-a5d2-9c9ff1c601b5,coerce.pics,available,1.8,40.98,medium,low,6,namecheap,,,20/08/2026 22:25
367b794f-d16a-4ba7-85e3-2a6aa6a1272e,solely.pics,available,1.8,40.98,high,low,6,namecheap,,,
8995de5b-416e-4863-bdd7-ececb3280561,hawkish.pics,available,1.8,40.98,medium,low,7,namecheap,,,21/08/2026 01:38
c555b4d8-a98c-41d6-b89d-c303fa04be0b,frost.pics,premium,812.5,812.5,high,low,5,name.com,,,21/08/2026 10:05
5570dd21-508a-4faf-8e8a-c6b271d96d52,bronchial.pics,available,1.8,40.98,medium,low,9,namecheap,,,11/08/2026 05:35
bb0eacb5-df9e-46d4-88c3-3bf6601ca04d,forte.pics,premium,812.5,812.5,high,low,5,name.com,,,18/08/2026 12:23
f8212e8e-3745-44de-84c5-19e8d54c5a72,aliveness.pics,available,1.8,40.98,high,low,9,namecheap,,,18/09/2026 08:09
3baeb460-c392-41d9-bc4d-10e1cb5b75fd,bionomic.pics,available,1.8,40.98,medium,low,8,namecheap,,,10/08/2026 03:03
6068cf82-3965-4bc6-90f6-e27dfefc393f,overfull.pics,available,1.8,40.98,medium,low,8,namecheap,,,20/08/2026 15:31
92d8fbe4-7953-4dd6-bd81-c5b9031c8307,pinwheel.pics,available,1.8,40.98,high,low,8,namecheap,,,17/09/2026 12:41
547703af-2535-4831-aedf-ebc8e1269c8a,honestly.pics,available,1.8,40.98,high,low,8,namecheap,,,
ef195d6f-7590-4cec-88ff-d958ffcd6d2b,motive.pics,available,1.99,32.49,high,medium,6,namesilo,,,25/09/2026 21:54
eac2c0e4-4513-4944-a9e7-0222eb911d7a,technique.pics,available,1.99,,high,low,9,name.com,,,
94676f2f-6a67-4019-a383-4fa969921e20,casual.pics,available,1.99,32.49,high,low,6,namesilo,,,23/09/2026 13:14
5d5b5049-c768-4250-899d-51567e0a38af,august.pics,available,1.99,32.49,high,low,6,namesilo,,,22/09/2026 12:44
6921d1e1-78ab-448d-85a7-009943f6d6e6,prettier.pics,available,1.99,45.99,high,low,8,name.com,,,18/09/2026 11:09
364bbb19-7571-4054-a29a-19d649ab27df,puppyish.pics,available,1.8,40.98,high,medium,8,namecheap,,,09/09/2026 06:09
46cfa3c1-2b0b-4317-b35a-6c7e9194522a,mike.pics,resell,,,high,medium,4,Dynadot Inc,05/06/2026 14:55,05/06/2027 23:59,26/09/2026 07:33
49383047-0d4e-4a95-a1cb-2104ba869ce6,both.pics,available,1.99,32.49,high,low,4,namesilo,,,
9158f8ae-4bb7-4bef-b9f6-18b3957b4f8a,bellicose.pics,available,1.8,40.98,low,low,9,namecheap,,,09/08/2026 01:44
1190b099-1204-4c13-a996-7a734ebf4f2a,americas.pics,available,1.99,32.49,high,low,8,namesilo,,,
c7cf2c8b-6f41-42d9-8b6b-69056d6cc560,als.pics,available,1.99,32.49,high,low,3,namesilo,,,18/09/2026 14:14
de6f29a4-6b3a-4c10-ac39-fa2472e7cf68,corporation.pics,available,1.8,40.98,high,low,11,namecheap,,,27/09/2026 16:41
53171dcd-93cb-4f54-914d-64aef5a2e10b,narrowed.pics,available,1.8,40.98,medium,low,8,namecheap,,,03/09/2026 13:27
9a301965-8d4c-4543-86d9-f19bd81f3753,apolitical.pics,available,1.8,40.98,medium,low,10,namecheap,,,06/08/2026 02:02
27f7347a-767c-4282-8742-375e0d41a5f2,sought.pics,available,1.8,40.98,high,low,6,namecheap,,,10/09/2026 14:41
e634cba7-d825-4ee8-b2c2-4e0fd589e365,apostate.pics,available,1.8,40.98,medium,low,8,namecheap,,,06/08/2026 03:35
afaa5ac4-bec9-4f94-8158-65088a342fdf,dolomite.pics,available,1.99,32.49,medium,low,8,namesilo,,,23/09/2026 23:01
535fdfc6-24ce-4090-a729-5b3edddf51ac,feculent.pics,available,1.8,40.98,low,low,8,namecheap,,,18/08/2026 00:32
3ac170f2-34f4-4084-8475-5efd9c76aa27,housman.pics,available,1.99,32.49,medium,low,7,namesilo,,,16/09/2026 12:57
536bb2a6-e811-46b1-aa99-4e40fd1f69fe,amaretto.pics,available,1.99,32.49,high,low,8,namesilo,,,18/09/2026 15:58
b7e599e0-05d3-4d1d-9c5d-c384faeee2de,adjustable.pics,available,1.8,40.98,high,low,10,namecheap,,,21/09/2026 18:40
d9eac8ca-d803-4ea1-9eae-ce4c65f52858,transport.pics,resell,,,high,low,9,Dynadot Inc,16/02/2026 16:36,16/02/2027 23:59,26/09/2026 09:44
cc642349-eba2-4795-a22b-518d52376df2,impulsive.pics,available,1.8,40.98,high,low,9,namecheap,,,11/08/2026 01:34
12a5ec93-ddc1-4490-a984-c11f30f39345,facing.pics,available,1.99,32.49,high,low,6,namesilo,,,
27948dd1-1d7a-4be3-9320-fbaf7165fbb0,expertly.pics,available,1.8,40.98,medium,low,8,namecheap,,,14/09/2026 17:05
4eeef983-d180-43f8-9cd8-6959d16956fc,saccadic.pics,available,1.8,40.98,high,medium,8,namecheap,,,09/09/2026 20:35
06621ca7-6484-4042-985f-a9fefd91f461,unjust.pics,available,1.8,40.98,medium,low,6,namecheap,,,22/08/2026 03:49
f46b0119-9710-49e6-a6ce-070f94965d68,pennate.pics,available,1.8,40.98,medium,low,7,namecheap,,,08/09/2026 14:37
684e1357-349f-498d-bf16-94dbd369c350,cruz.pics,premium,832,832,high,low,4,namesilo,,,25/09/2026 11:52
64a29b46-cdd1-4d94-afc5-60149730c655,bulky.pics,available,1.99,32.49,medium,low,5,namesilo,,,23/09/2026 10:36
a273aefc-206f-45fb-944f-669f5fa8e31f,looking.pics,available,1.99,32.49,high,low,7,namesilo,,,25/09/2026 14:19
a103beec-5a4d-4c4b-ae96-66b08b8be719,paraguayan.pics,available,1.8,40.98,medium,low,10,namecheap,,,08/09/2026 00:55
c3e0b3fc-0800-4dfb-89c8-dd949b6fc21a,lithium.pics,available,1.8,40.98,high,low,7,namecheap,,,23/08/2026 00:43
7fe2e481-e7b9-4237-bf5e-c052d911d9da,starving.pics,available,1.8,40.98,medium,low,8,namecheap,,,10/09/2026 19:04
0ad69037-7919-40b2-a442-42e590afde71,licenced.pics,available,1.99,32.49,high,low,8,namesilo,,,21/09/2026 15:56
eab710df-c4e6-454b-b682-cc85166d749e,xlv.pics,available,1.8,40.98,medium,low,3,namecheap,,,
db6cee33-c539-44ad-b69b-c19bfe8c3bf1,allosaur.pics,available,1.99,32.49,medium,low,8,namesilo,,,18/09/2026 12:04
be42c247-5f3e-47af-8a08-08312b88d0b7,azide.pics,available,1.99,32.49,medium,low,5,namesilo,,,21/09/2026 11:12
6f0a9e12-c1cf-4609-ad2f-54b34cf8f168,armoire.pics,available,1.99,32.49,medium,low,7,namesilo,,,20/09/2026 07:20
39027282-0172-42f7-93b2-ec932e56dc76,chop.pics,available,1.99,32.49,medium,low,4,namesilo,,,
8e37c9bd-38d9-4ce5-b089-c0fb6e55fa06,lcd.pics,available,1.99,,high,low,3,name.com,,,
d7c7b528-0f66-40af-b83a-178cc4885c70,downwards.pics,available,1.8,40.98,medium,low,9,namecheap,,,14/08/2026 17:16
ccc68217-7536-4ed1-a20d-d273e3e4636c,ritardando.pics,available,1.8,40.98,high,medium,10,namecheap,,,09/09/2026 09:54
dee5e71f-c45e-4705-86a1-242a449d2e63,ordinance.pics,available,1.8,40.98,high,low,9,namecheap,,,09/09/2026 13:13
a90f8e8e-e9e5-4818-badc-53c7d17cf188,delimited.pics,available,1.8,40.98,medium,low,9,namecheap,,,10/08/2026 21:54
79331543-38ec-45de-9a3c-a8aa17760133,maldon.pics,available,1.99,32.49,medium,low,6,namesilo,,,22/09/2026 15:25
97ce352b-38c2-4d9d-aabf-ca055b12f007,smoggy.pics,available,1.8,40.98,medium,low,6,namecheap,,,10/09/2026 11:52
954f5624-8147-4582-b5a0-59d8d60d7d00,sedate.pics,available,1.8,40.98,high,low,6,namecheap,,,20/08/2026 18:40
749e72c2-ee00-44c6-a373-9dab8f22ec30,letters.pics,available,1.99,,high,low,7,name.com,,,
1d7a0438-5978-4e92-935a-e83a4b9ded1d,guinean.pics,available,1.8,40.98,medium,low,7,namecheap,,,20/08/2026 20:52
b827f981-23c7-45bb-b680-509c454d581f,adp.pics,premium,2600,2600,high,high,3,namecheap,,,17/09/2026 07:32
cfbbdd1f-0c46-4f82-ba4b-92caaadb8d6f,cognate.pics,available,1.8,40.98,high,low,7,namecheap,,,10/08/2026 15:14
9d480984-9347-422d-9de5-5fb8a19327de,birthrate.pics,available,1.8,40.98,medium,low,9,namecheap,,,23/09/2026 20:56
c942ec1f-2b3a-490b-b6da-3e7a7766943a,volar.pics,available,1.8,40.98,medium,low,5,namecheap,,,05/09/2026 00:00
458508f2-23b0-4704-920f-78769dfb1943,kodiak.pics,available,1.99,32.49,high,low,6,namesilo,,,18/09/2026 02:05
d6dbaea7-5e7f-4ac3-b1d4-3e4a10f11159,ravishing.pics,premium,832,832,high,low,9,namesilo,,,09/09/2026 10:42
07752b64-13e2-4a29-b8f6-eb06863fd897,neighborhood.pics,available,1.99,,high,low,12,name.com,,,
ea421151-d431-4649-96ec-16d7c8072664,benevolent.pics,available,1.8,40.98,high,low,10,namecheap,,,09/08/2026 14:27
9980514d-ec2d-4803-9520-8a96099bd7b0,abelia.pics,available,1.99,32.49,medium,low,6,namesilo,,,16/09/2026 15:02
5a4bfeb8-6f84-4248-8efd-ba63df9e6212,artichoke.pics,available,1.99,32.49,high,low,9,namesilo,,,20/09/2026 11:12
6c359e43-6cfe-4bec-92ff-ead6ef2fbb48,vary.pics,available,1.99,32.49,high,low,4,namesilo,,,25/09/2026 21:59
a1047568-d265-481c-bf8f-8e98c397325e,integral.pics,premium,2600,2600,high,low,8,namecheap,,,23/09/2026 10:33
3239e3f7-1dff-45a9-9e5d-4b06034c94ab,apophthegm.pics,available,1.8,40.98,medium,low,10,namecheap,,,19/09/2026 17:11
9c796cab-06f6-4b55-b0d6-13970ad2ce5c,alveolus.pics,available,1.99,32.49,medium,low,8,namesilo,,,17/09/2026 22:03
ed43ae8f-3907-4486-9412-1e8ea9da21dd,nevus.pics,available,1.8,40.98,medium,low,5,namecheap,,,23/09/2026 21:15
58c6df35-a651-4e0b-8525-7b919142c860,alto.pics,available,,,high,low,4,,,,
ab082589-9260-4af7-8f04-2d1cb5c6f41a,bookshelf.pics,available,1.99,32.49,high,low,9,namesilo,,,24/09/2026 07:17
0fbdfa52-471d-49dd-a757-4c92926ea2b8,advocate.pics,available,1.99,32.49,high,low,8,namesilo,,,
2d10de4b-8972-4893-862c-a64a5757127f,keister.pics,available,1.8,40.98,low,low,7,namecheap,,,09/08/2026 11:08
d2137d82-1957-457a-a208-3258122e0128,extremist.pics,available,1.8,40.98,medium,low,9,namecheap,,,17/08/2026 19:32
db863257-50ed-4bf8-b2e0-13e38c9d32b7,berbers.pics,available,1.8,40.98,medium,low,7,namecheap,,,19/09/2026 23:24
dd571879-e12d-45ae-b63f-18e706319435,billyo.pics,available,1.99,32.49,medium,low,6,namesilo,,,18/09/2026 09:10
b9fc318b-0f4f-4e81-8476-c9a498e0184b,kennedy.pics,premium,832,832,high,low,7,namesilo,,,25/09/2026 23:14
7ba0eae1-6fc0-4cc1-86b1-92dd130bea42,dotted.pics,available,1.99,45.99,medium,low,6,name.com,,,13/08/2026 18:28
e289c90b-7bb5-4dfb-82f4-e3a9beee7754,huisache.pics,available,1.8,40.98,medium,low,8,namecheap,,,16/09/2026 20:11
1a8517b8-efb8-4a5f-a5d7-0b3c01e64ee0,forgot.pics,available,1.99,32.49,medium,low,6,namesilo,,,27/09/2026 21:47
d2a41e22-d4ff-4fed-94d1-7830d7d6bc15,glaring.pics,available,1.8,40.98,high,low,7,namecheap,,,10/08/2026 13:47
1da20d13-83a8-46c8-b9ab-cef4b8832042,stupefy.pics,available,1.99,32.49,medium,low,7,namesilo,,,21/09/2026 17:33
654c3701-b33a-49c6-98c6-5a05032e926b,enlighten.pics,available,1.99,32.49,high,low,9,namesilo,,,
a4dfba43-e2dc-4795-801c-01f22d7f04ad,aerate.pics,available,1.8,40.98,high,low,6,namecheap,,,17/09/2026 21:35
a6085b45-e306-4363-bb5f-0e608203717a,bangtail.pics,available,1.99,32.49,medium,low,8,namesilo,,,22/09/2026 02:02
db227e82-e9ed-4c37-b965-929380a02c58,breakneck.pics,available,1.8,40.98,medium,low,9,namecheap,,,11/08/2026 03:08
d9888d6a-b009-4cb6-862d-ec992a7a3e63,elegant.pics,available,1.99,32.49,high,low,7,namesilo,,,24/09/2026 13:48
c718cf6a-b456-4e7a-933c-d6d35eef811d,sewn.pics,available,1.8,40.98,medium,low,4,namecheap,,,10/09/2026 05:07
634a5228-0d94-47e5-9a01-8e0a46d7ca83,addend.pics,available,1.99,32.49,medium,low,6,namesilo,,,17/09/2026 06:41
7042ef19-4d31-434e-a550-c19b110083e1,joyfully.pics,available,1.8,40.98,high,low,8,namecheap,,,14/09/2026 21:32
b185aac5-80bb-47a5-b790-6c3a1d54e6c5,adjuvant.pics,available,1.8,40.98,medium,low,8,namecheap,,,
821f7a49-8e57-4db7-bd5a-a74392f1832e,adversary.pics,available,1.99,32.49,medium,low,9,namesilo,,,17/09/2026 10:44
550fac58-682a-4e13-9483-bb46f9ce2b21,painkiller.pics,available,1.8,40.98,medium,low,10,namecheap,,,
eff2b108-40b4-4991-a4a9-e67130b031ea,afterimage.pics,available,1.99,32.49,high,low,10,namesilo,,,17/09/2026 15:42
b4394239-9880-4e39-93c4-9a837ebcf085,naacp.pics,available,1.8,40.98,medium,low,5,namecheap,,,25/09/2026 13:20
e1396458-22ba-44c6-80e0-04ac25346aa7,pallor.pics,available,1.99,32.49,medium,low,6,namesilo,,,17/09/2026 01:07
6453a42e-133c-41e6-8e65-1a92e05440b1,birken.pics,available,1.8,40.98,medium,low,6,namecheap,,,10/08/2026 06:03
6a59be5c-3304-471c-8920-6acdd6219544,kgb.pics,available,1.99,,high,low,3,name.com,,,
096280cc-1a09-4b28-b426-bd6afc459878,spacey.pics,available,1.8,40.98,high,medium,6,namecheap,,,10/09/2026 15:06
a944be6d-b771-4003-8064-7581a79ab4d6,balthazar.pics,available,1.99,32.49,high,low,9,namesilo,,,22/09/2026 00:14
399aec3e-7fb5-4bea-a093-bfea2c771e21,ellen.pics,premium,2500,,high,low,5,name.com,,,
5e23e3be-7b8a-49ba-a6ad-e6c115828523,uncoated.pics,available,1.8,40.98,medium,low,8,namecheap,,,12/09/2026 05:35
834e4f78-4dbe-4cb4-b7b6-48472b6ab350,guyanese.pics,available,1.8,40.98,high,low,8,namecheap,,,20/08/2026 21:17
3bed9f57-5c9c-4eb9-90a0-10564e9207db,forty.pics,available,1.8,40.98,high,low,5,namecheap,,,
19bce95c-249c-4e88-9d6e-5c084c863ec7,bended.pics,available,1.8,40.98,low,low,6,namecheap,,,09/08/2026 14:15
fd342f11-05e3-41f5-b009-f1f0b39f25d6,nugatory.pics,available,1.8,40.98,low,low,8,namecheap,,,03/09/2026 22:26
ef32d51f-c669-4f27-bac5-3edb2e51165e,tissue.pics,available,1.99,32.49,high,low,6,namesilo,,,27/09/2026 05:43
59574b3a-533c-4b79-8263-de3fc4b5d145,buccal.pics,available,1.8,40.98,medium,low,6,namecheap,,,11/08/2026 07:27
d9b2ffcd-ba3f-40b8-a05c-9160235a5ceb,valent.pics,available,1.8,40.98,medium,low,6,namecheap,,,13/09/2026 00:54
fec50af5-bacb-4eaf-80c6-10528c89cab9,applet.pics,available,1.8,40.98,high,low,6,namecheap,,,19/09/2026 21:38
5082b84e-531d-41f6-85c1-ba5af3dc20c3,purging.pics,available,1.8,40.98,high,medium,7,namecheap,,,09/09/2026 06:17
804944c2-a7b2-4c28-8026-a41516df9e7a,ripening.pics,available,1.8,40.98,high,low,8,namecheap,,,
8c4f02b3-b2d2-45ba-8ab9-65e85c8f1f46,ended.pics,available,1.8,40.98,high,low,5,namecheap,,,
24528d62-9adf-413f-bc2e-403b3639301a,auspicious.pics,available,1.99,32.49,high,low,10,namesilo,,,22/09/2026 13:12
cdcd5d89-fed6-4dea-b795-5de267843555,ballot.pics,available,1.99,32.49,high,low,6,namesilo,,,21/09/2026 23:15
96aea7a1-a3d6-442c-87be-9eb5d01d6e13,reckless.pics,available,1.8,40.98,medium,low,8,namecheap,,,18/08/2026 10:33
fd79d332-e254-4718-8f0e-238535773c28,longish.pics,available,1.8,40.98,medium,low,7,namecheap,,,24/08/2026 09:40
77397027-da17-4453-a7a8-5a3d3e345672,unrigged.pics,available,1.8,40.98,medium,low,8,namecheap,,,12/09/2026 18:28
cd2f8caa-7200-49b5-8d18-c3e363eaaf12,buttery.pics,available,1.8,40.98,medium,low,7,namecheap,,,19/09/2026 18:30
b4ad6554-2c35-4d30-920a-b66d41d9918e,infirm.pics,available,1.99,45.99,medium,low,6,name.com,,,13/08/2026 20:32
1f85dd55-24df-4bb9-8211-59bdcc027fcf,unerasable.pics,available,1.8,40.98,medium,low,10,namecheap,,,22/08/2026 02:39
b23e7298-0e16-415e-8694-c9c2244188c9,fda.pics,available,1.99,32.49,high,low,3,namesilo,,,25/09/2026 05:55
e6619b43-ea73-4788-95bb-1eddacf364e4,amuck.pics,available,1.8,40.98,medium,low,5,namecheap,,,
e25e0a2d-8240-404c-99ce-1d3a64cf64c7,wages.pics,available,1.99,,high,low,5,name.com,,,
26906d6b-9faa-44a4-b0ed-c0d84eb30ddf,badmouth.pics,available,1.8,40.98,medium,low,8,namecheap,,,24/08/2026 14:04
97829509-00ad-4192-96da-3db3593f96d9,retracted.pics,available,1.54,26.26,medium,low,9,porkbun,,,27/09/2026 13:32
e7188cb1-b9c3-43ee-845e-e441573cb684,chocolates.pics,available,1.99,32.49,high,low,10,namesilo,,,20/09/2026 08:51
ab2d082e-160d-4694-b1ed-4198f642bf3d,friedrich.pics,available,1.8,40.98,high,low,9,namecheap,,,25/09/2026 18:50
6e1c7aa3-0b53-4d8f-ad9b-fac1677248c3,whatsoever.pics,available,1.8,40.98,medium,low,10,namecheap,,,22/09/2026 06:59
4c4e58a7-1269-4d6a-8107-eed2613294ca,lesion.pics,available,1.8,40.98,medium,low,6,namecheap,,,13/09/2026 13:28
544770f7-5824-49be-92bf-1881c67ee2aa,natation.pics,available,1.8,40.98,medium,low,8,namecheap,,,18/08/2026 08:34
3af1b10f-54a2-496e-9984-62a041e1c174,grouchy.pics,available,1.8,40.98,medium,low,7,namecheap,,,08/08/2026 07:52
fc0cdff6-61c8-402f-8d29-0f084343db6b,slivery.pics,available,1.8,40.98,medium,low,7,namecheap,,,10/09/2026 11:13
dd3f1c76-9929-4230-ba2d-e49ba836f75e,empowered.pics,available,1.8,40.98,high,low,9,namecheap,,,16/08/2026 18:26
2778ea68-f019-4fd0-9b3c-e28d05129b2c,dispensed.pics,available,1.8,40.98,medium,low,9,namecheap,,,14/08/2026 11:54
f1362a6f-4e8b-4b0d-8997-d4616675d82e,belem.pics,available,1.8,40.98,medium,low,5,namecheap,,,23/09/2026 04:51
2062f6b4-c284-4bf3-8df3-99038711fac5,spiraling.pics,available,1.8,40.98,medium,low,9,namecheap,,,12/08/2026 16:12
504decbe-aa98-435a-af5e-b08c05b20096,aflcio.pics,available,1.99,32.49,medium,low,7,namesilo,,,17/09/2026 15:05
73504395-e07d-4347-8b23-512612e652d5,trojan.pics,premium,2600,2600,high,low,6,namecheap,,,11/09/2026 20:17
017aaac6-a3d9-4c34-8c08-f0ab7841ffc2,dell.pics,premium,2660,2660,high,medium,4,namesilo,,,24/09/2026 21:44
3ca7eff9-7cd9-4e21-8584-a1ec325b49c5,tenormin.pics,available,1.8,40.98,medium,low,8,namecheap,,,20/09/2026 20:11
ee858f8f-4ec4-4d91-898f-9e9d1e18dfd2,rectified.pics,available,1.8,40.98,medium,low,9,namecheap,,,09/09/2026 11:55
1477dda8-0f54-47ce-a96b-2ed884f82e2c,cuspid.pics,available,1.8,40.98,medium,low,6,namecheap,,,11/08/2026 17:03
9b80b1fa-5ef8-4783-b496-6f750da1966c,juvenile.pics,available,1.8,40.98,high,low,8,namecheap,,,22/08/2026 14:58
7143e1f0-fc30-44db-ae38-dd4d0d6518fe,enthusiast.pics,available,1.8,40.98,high,low,10,namecheap,,,08/09/2026 02:16
a0a0c348-69b1-4c4b-a1ca-4dd8548606f8,illegally.pics,available,1.8,40.98,medium,low,9,namecheap,,,15/09/2026 01:44
d948737c-0b66-46c3-aeba-a5d27b7038e1,expertise.pics,available,1.99,32.49,high,low,9,namesilo,,,
a7f8dbce-1f98-4d1c-a96d-6691f505f3bb,preacher.pics,available,1.99,32.49,high,low,8,namesilo,,,27/09/2026 15:23
1a614e78-c0a5-4d8b-ae64-45fd8f67575c,sacrosanct.pics,available,1.8,40.98,high,medium,10,namecheap,,,09/09/2026 20:39
bf2c551e-acf7-4645-b1d6-838a92bf1738,dropped.pics,available,1.8,40.98,medium,low,7,namecheap,,,25/09/2026 20:16
f9ce3c84-b3ff-4aba-8850-b53a29c8cbc4,restrained.pics,available,1.8,40.98,medium,low,10,namecheap,,,20/08/2026 20:43
f8244f3d-9e5a-4bbc-b0b4-462e33533042,conk.pics,available,1.8,40.98,medium,low,4,namecheap,,,17/08/2026 21:08
78482a8a-1ccb-4369-94bb-975261709402,beeper.pics,available,1.99,32.49,high,low,6,namesilo,,,23/09/2026 01:31
480712c6-bc36-4b4a-8109-0d5945b46ca6,inky.pics,available,1.8,40.98,high,low,4,namecheap,,,22/08/2026 05:42
5592cdc4-0a23-48f7-bc56-be77f023e612,optimally.pics,available,1.8,40.98,medium,low,9,namecheap,,,15/09/2026 18:05
b5f8434e-2d83-4a7d-95e3-0f1ef579f13d,rumble.pics,available,1.8,40.98,high,low,6,namecheap,,,20/08/2026 20:36
f47d0e5d-5c55-4e52-973f-2c3ac7899a8e,combined.pics,available,1.8,40.98,high,low,8,namecheap,,,12/08/2026 18:36
2a4bda91-ed69-48d4-b3a4-504630039f27,limbic.pics,available,1.8,40.98,medium,low,6,namecheap,,,23/08/2026 11:49
b1bd8b9f-5fce-4375-9216-0bd4adcc05f7,gregarious.pics,premium,812.5,812.5,high,low,10,name.com,,,20/08/2026 19:56
02c4a187-446c-4e42-9f89-c7934b2559a6,mediocre.pics,available,1.8,40.98,high,low,8,namecheap,,,25/09/2026 18:51
6047d004-0013-44ea-b53d-befd638aeb65,ruffianly.pics,available,1.8,40.98,high,medium,9,namecheap,,,09/09/2026 19:19
657f542e-5306-4743-ab9c-19677907826a,occasionally.pics,available,1.99,32.49,medium,low,12,namesilo,,,27/09/2026 17:20
8200da05-58d4-4350-ba84-900fa298bd04,ratified.pics,available,1.8,40.98,high,medium,8,namecheap,,,09/09/2026 10:33
57e7aa57-a9ee-4a99-94c3-6d2c0e3f51d5,oblong.pics,available,1.8,40.98,high,low,6,namecheap,,,03/09/2026 23:48
fec6836f-2155-4821-9bd2-ff1975f3adbf,mithraic.pics,available,1.8,40.98,medium,low,8,namecheap,,,25/08/2026 01:58
a520eb9c-ce63-4962-89d0-b7953587bb86,sufficient.pics,available,1.24,26.08,high,low,10,spaceship,,,28/09/2026 01:52
8a28d1dc-1dd6-4e9b-84c9-0e912aaa1ac3,throngs.pics,available,1.8,40.98,medium,low,7,namecheap,,,20/09/2026 14:21
650f26af-0381-4265-9d9a-5be539216cc9,spaceman.pics,available,1.8,40.98,high,low,8,namecheap,,,20/09/2026 17:58
15f42e2b-1e22-4d4a-ac0a-38603f472004,barmy.pics,available,1.8,40.98,medium,low,5,namecheap,,,06/08/2026 20:25
d8c8a246-f6aa-4892-b9be-4b1d4b32bc13,wendell.pics,available,1.24,26.08,medium,low,7,spaceship,,,27/09/2026 20:17
267d991d-4c29-4221-aba7-ba50a73893d5,clxxx.pics,available,1.8,40.98,medium,low,5,namecheap,,,
c1391868-8ec5-4fdf-8d91-333fce005bc0,trophy.pics,available,1.99,,high,low,6,name.com,,,
ad9c8316-9d7c-4e6d-ad01-f9994149b244,cuteness.pics,available,1.99,32.49,high,low,8,namesilo,,,24/09/2026 20:43
f8665b16-6858-483f-a382-71a3a150c5ee,roar.pics,available,1.99,32.49,high,low,4,namesilo,,,27/09/2026 15:38
790b5f55-aa30-4f79-8742-3a76f16c6413,whimsey.pics,available,1.99,32.49,medium,low,7,namesilo,,,20/09/2026 00:43
c34d43d3-161b-4154-a24e-f9884aa96fab,sniffy.pics,available,1.8,40.98,medium,low,6,namecheap,,,21/08/2026 01:27
f2ab2e2e-f4f7-44b3-bd4b-83fd8db436bb,idly.pics,available,1.8,40.98,high,low,4,namecheap,,,15/09/2026 01:38
dde8449b-3ec9-4dfe-b744-6da7bdaa0b2b,maj.pics,available,1.8,40.98,high,low,3,namecheap,,,27/09/2026 02:37
c9fa4ff3-79f7-4860-9fed-eb000bcc044f,seepage.pics,available,1.8,40.98,medium,low,7,namecheap,,,04/09/2026 15:38
b3b9b04a-bf36-4456-b001-0876166ba238,blackamoor.pics,available,1.8,40.98,medium,low,10,namecheap,,,03/09/2026 15:12
53530698-2f07-4649-a483-5c21f62cbe6b,phocine.pics,available,1.8,40.98,medium,low,7,namecheap,,,08/09/2026 18:58
5a91fa9c-51d3-4dea-9455-f53bce4d5cce,reassuring.pics,available,1.8,40.98,high,low,10,namecheap,,,09/09/2026 11:14
609c4755-7c0f-4760-a05d-9d77ef133863,liberian.pics,available,1.8,40.98,medium,low,8,namecheap,,,23/08/2026 00:47
bf8f0183-8aa3-4795-a9b4-04ecd8d21ca2,undressed.pics,available,1.8,40.98,medium,low,9,namecheap,,,12/09/2026 00:51
c6a09f48-dea7-4713-9d77-1b7ecc04a4e9,others.pics,available,1.99,32.49,high,low,6,namesilo,,,25/09/2026 16:48
1823f3b9-c797-4093-b587-4af4bfb4ca0e,antennaria.pics,available,1.8,40.98,medium,low,10,namecheap,,,19/09/2026 12:52
5e4a200a-594b-4a29-9531-0739a14af90c,sunbaked.pics,available,1.8,40.98,medium,low,8,namecheap,,,
fee69202-6acd-4236-a038-fd343b6cb48e,fitzpatrick.pics,available,1.99,32.49,medium,low,11,namesilo,,,27/09/2026 07:56
008a5101-705d-4ff1-b056-a5d8f5852ad4,ladylike.pics,available,1.8,40.98,high,low,8,namecheap,,,22/08/2026 18:38
46e0da3d-91b0-4eb7-a055-7ed72824505d,dressy.pics,available,1.8,40.98,high,low,6,namecheap,,,14/08/2026 18:57
9f11466b-57d2-451f-b099-ad63f94d55f2,deceitful.pics,available,1.8,40.98,medium,low,9,namecheap,,,13/08/2026 21:06
c59fc184-dc0f-4dda-b189-f16be173d6cc,shortish.pics,available,1.8,40.98,high,medium,8,namecheap,,,10/09/2026 06:50
d740081f-755b-4877-a31f-dfc01cfa4393,benadryl.pics,available,1.99,32.49,high,medium,8,namesilo,,,23/09/2026 07:35
a1a57e30-dc0a-4cbb-ae87-fabca93688f9,biologic.pics,available,1.8,40.98,high,low,8,namecheap,,,10/08/2026 02:14
0d507bb1-dddf-4fe1-af0f-9e4913a0d00b,grazed.pics,available,1.8,40.98,medium,low,6,namecheap,,,20/08/2026 19:29
723dfb43-7245-4967-8681-55a5f7f9040a,omit.pics,available,1.99,,high,low,4,name.com,,,
41c46058-1e6e-4c70-9a49-e7aa150753dd,sombre.pics,available,1.8,40.98,medium,low,6,namecheap,,,10/09/2026 14:02
0044569a-09b0-49e2-bca9-2042c7537c78,candour.pics,available,1.99,32.49,high,low,7,namesilo,,,24/09/2026 12:03
3b3492bf-b18d-4f70-82e2-3937d6905e76,socialised.pics,available,1.8,40.98,medium,low,10,namecheap,,,10/09/2026 13:14
ebc4f7ae-e4bb-417f-ab15-3d1d120b9a99,enceinte.pics,available,1.8,40.98,medium,low,8,namecheap,,,16/08/2026 22:09
5602c73b-8306-48be-9c60-ab18018383da,anglesea.pics,available,1.99,32.49,medium,low,8,namesilo,,,19/09/2026 06:27
41aaf848-b6cc-4498-a43d-49ec981b36a7,treated.pics,available,1.8,40.98,high,low,7,namecheap,,,11/09/2026 10:52
80b051ee-3180-4b4d-9776-225ae26975ab,sentences.pics,available,1.8,40.98,medium,low,9,namecheap,,,16/09/2026 20:11
0978a708-2cc8-45d1-8d23-3ceebe96d64b,knightly.pics,available,1.8,40.98,high,low,8,namecheap,,,12/08/2026 06:11
2dde3364-6872-4763-a4e8-b114f0b0d5b5,jinx.pics,available,1.8,40.98,high,low,4,namecheap,,,21/08/2026 07:37
d9219522-a66d-4b13-9e68-db42955cd74e,enclothe.pics,available,1.8,40.98,medium,low,8,namecheap,,,19/09/2026 19:54
2a4a29e4-3f07-47bc-9c68-51cecddd94b3,salvific.pics,available,1.8,40.98,high,medium,8,namecheap,,,09/09/2026 21:03
c85d2dab-2c51-4dae-afa0-0a67008056e7,airbrake.pics,available,1.99,32.49,medium,low,8,namesilo,,,17/09/2026 22:58
a346c531-c021-4d40-813e-c66658c1422e,documents.pics,available,1.99,32.49,high,low,9,namesilo,,,
dd6787ad-45eb-4dfc-bc09-2a5ad4d31aea,dislike.pics,available,1.99,32.49,high,low,7,namesilo,,,
c6e4708f-b918-4e71-91e3-f8e86b844412,compliant.pics,available,1.99,32.49,high,low,9,namesilo,,,23/09/2026 17:44
dd9d68fb-f4d9-426f-9102-6c12e553b391,thousand.pics,available,1.99,32.49,high,low,8,namesilo,,,21/09/2026 11:02
30260ce7-5746-4e63-b554-c63e92a6c0c7,wounds.pics,available,1.8,40.98,low,low,6,namecheap,,,25/09/2026 19:23
157ef8f8-1459-4fa7-b64e-b670dc421907,unlearned.pics,available,1.8,40.98,medium,low,9,namecheap,,,21/08/2026 18:31
584dbc7a-10f7-4bf0-95c9-8c085e820577,grandparent.pics,available,1.99,32.49,high,low,11,namesilo,,,19/09/2026 04:27
60591a51-8bb0-4b17-8858-fb5d702b35f1,luxuriant.pics,available,1.8,40.98,high,low,9,namecheap,,,15/08/2026 22:14
f25ac526-c0bc-4c45-9b25-65f0cc741e28,usb.pics,available,1.99,32.49,high,low,3,namesilo,,,28/09/2026 03:21
67bda642-1861-4606-9eaf-afd9149d7779,storms.pics,available,1.99,32.49,medium,low,6,namesilo,,,17/09/2026 15:55
b647cc09-2b16-4c15-a552-fdf4c9129d6f,gladsome.pics,available,1.8,40.98,high,low,8,namecheap,,,19/08/2026 00:13
7a5abf0d-5f83-45d9-a16a-8cf013c27dfc,experience.pics,available,1.99,32.49,high,low,10,namesilo,,,
088073d2-53ac-49b6-b815-3976d8def587,riyadh.pics,premium,812.5,,high,low,6,name.com,,,
59bb6161-e5fa-4894-9830-ac2bd4d8ee33,hinder.pics,available,1.8,40.98,high,low,6,namecheap,,,24/09/2026 23:48
6fb98108-78e1-433f-b06f-0792f214a355,ported.pics,available,1.99,32.49,high,low,6,namesilo,,,20/09/2026 15:39
c18962bd-511c-43a5-a6fa-a2e54fa24b81,agaric.pics,available,1.99,32.49,medium,low,6,namesilo,,,17/09/2026 16:17
5b60f715-0b3a-4ad8-a08b-5987740096d8,connectivity.pics,available,1.99,32.49,high,low,12,namesilo,,,24/09/2026 02:41
e7fdfcfd-09ed-4cfb-8a08-329f0b8c7a49,bangor.pics,premium,2500,2500,high,low,6,name.com,,,22/09/2026 01:58
a473c5ed-ba86-44cb-af3e-ce2cf6445f46,amaryllis.pics,available,1.99,32.49,high,low,9,namesilo,,,18/09/2026 15:59
128f3fb8-2d7a-4e5a-8179-919c856a0fb8,volition.pics,available,1.8,40.98,high,low,8,namecheap,,,13/09/2026 12:00
aea2b93b-edfd-4706-b8b6-d709262d0b29,alienism.pics,available,1.99,32.49,medium,low,8,namesilo,,,18/09/2026 07:34
3e030fc4-e3d5-45dc-b380-93af4ba019bc,basilicata.pics,available,1.99,32.49,medium,low,10,namesilo,,,22/09/2026 10:50
2d6c8f4e-64b4-4ff0-9cee-c797753fbc8f,acromegaly.pics,available,1.99,32.49,medium,low,10,namesilo,,,17/09/2026 03:48
4cbcb1a8-0da7-4b31-91d2-32c011d9330b,jammed.pics,available,1.8,40.98,medium,low,6,namecheap,,,22/08/2026 12:07
a8b757ff-fe2c-40d2-809a-e087eebbb2ea,fatefully.pics,available,1.8,40.98,medium,low,9,namecheap,,,14/09/2026 17:53
388b7f99-6619-43d6-886f-ea8eb29f4acd,antum.pics,available,1.99,32.49,medium,low,5,namesilo,,,19/09/2026 15:47
978c70be-3a94-479f-854d-d61c20d530d9,cycles.pics,available,1.99,32.49,medium,low,6,namesilo,,,20/09/2026 09:25
fe4ed852-215e-4d4a-a17c-d844dff72c19,asthma.pics,available,1.99,32.49,medium,low,6,namesilo,,,20/09/2026 17:24
b81d6152-8ebb-49f5-bc06-52f16d3cf469,unbleached.pics,available,1.8,40.98,medium,low,10,namecheap,,,12/09/2026 02:04
4f89451a-13a9-4672-a91a-440088e49826,committed.pics,available,1.99,32.49,high,low,9,namesilo,,,23/09/2026 15:46
10bf6e3a-25d3-4c3b-ac97-55ed3ed1f602,amnesty.pics,available,1.99,32.49,high,low,7,namesilo,,,18/09/2026 22:23
048d5cd3-29ea-421d-9087-8d64ef256838,folksy.pics,available,1.8,40.98,medium,low,6,namecheap,,,13/08/2026 04:22
546876ef-3013-4105-86d6-9e085bdfd772,inbred.pics,available,1.8,40.98,medium,low,6,namecheap,,,22/08/2026 00:42
4cb8ee79-323a-491d-a73d-c6188412660c,leger.pics,available,1.99,32.49,high,low,5,namesilo,,,16/09/2026 23:07
5e5552de-06bf-4c75-9305-fb21f8eed6cf,gangly.pics,available,1.8,40.98,medium,low,6,namecheap,,,18/08/2026 20:09
ff73a676-0a36-4b03-b035-85273f2ecbb6,hoot.pics,available,1.8,40.98,high,low,4,namecheap,,,25/09/2026 10:56
2aeb5317-ee42-4aa3-b13e-4bd65d0f5a14,baboon.pics,available,1.8,40.98,high,low,6,namecheap,,,21/09/2026 12:58
0cc458a6-5130-45d2-a08d-0bf48bff8532,seared.pics,available,1.8,40.98,medium,low,6,namecheap,,,10/09/2026 00:52
01db4fb9-ab78-4a99-8377-5431346ab0aa,filings.pics,available,1.99,32.49,medium,low,7,namesilo,,,
f940dffb-85aa-4653-af20-b6caf8bc987f,freedom.pics,premium,2500,,high,medium,7,name.com,,,
7b5e61a8-bc08-4756-9bb5-d965268bff8b,carelessly.pics,available,1.8,40.98,medium,low,10,namecheap,,,14/09/2026 05:19
3b6e977a-2a7b-43e0-a13d-9bb91063eca3,continual.pics,available,1.99,32.49,high,low,9,namesilo,,,23/09/2026 22:10
ccae24e9-f83c-43b5-bbf5-1e88d9e75728,herein.pics,available,1.8,40.98,high,low,6,namecheap,,,15/09/2026 00:30
bc4e9425-d22c-4984-9962-a49d98f8b757,clarence.pics,available,1.99,32.49,high,low,8,namesilo,,,27/09/2026 12:32
ba380c55-fbee-4d4e-938b-7f304e2f5655,disobedience.pics,available,1.99,32.49,medium,low,12,namesilo,,,16/09/2026 12:19
5fcd4d05-e5a5-4ec2-855b-2b6bc503070b,enigmatic.pics,available,1.8,40.98,high,low,9,namecheap,,,17/08/2026 09:13
cf7b3fdd-6059-4e95-a7f7-4da5ab2cda2f,plutonian.pics,available,1.8,40.98,medium,low,9,namecheap,,,20/08/2026 21:34
879e08fa-acd5-457c-bef5-75043cbc61a8,brunch.pics,available,1.8,40.98,high,low,6,namecheap,,,24/09/2026 10:54
844b52c4-da71-47b7-903b-e1ef58f92690,amenia.pics,available,1.8,40.98,medium,low,6,namecheap,,,18/09/2026 18:47
29b6454f-0767-4411-88e3-888b55f45245,speeding.pics,available,1.99,32.49,high,low,8,namesilo,,,25/09/2026 06:47
b0937a5e-c083-4ff6-b512-67ad3249e66e,salacity.pics,available,1.8,40.98,medium,low,8,namecheap,,,22/09/2026 16:54
58feb78a-c553-436b-b012-84144753e464,paterson.pics,available,1.99,32.49,high,low,8,namesilo,,,25/09/2026 09:48
0904f04c-b0ee-41e3-9a15-76de3621bafb,baa.pics,available,1.8,40.98,high,low,3,namecheap,,,10/08/2026 13:40
8dd3bd4f-8abd-423f-8a03-11c8584f4b43,brittany.pics,premium,832,832,high,low,8,namesilo,,,27/09/2026 03:23
0b8b5330-0850-438d-9e23-119ec9fcc882,formidable.pics,available,1.8,40.98,high,low,10,namecheap,,,18/08/2026 12:12
0e16841f-4b81-40e5-a1a2-ad91acba5818,altissimo.pics,available,1.8,40.98,medium,low,9,namecheap,,,
f2e10282-4231-43c9-a61b-ae5e1af7a229,dressed.pics,available,1.99,32.49,high,low,7,namesilo,,,22/09/2026 07:16
3b09ea07-3882-4f74-bf56-5ee1f0d8ba19,friendly.pics,premium,832,832,high,low,8,namesilo,,,25/09/2026 05:51
fe825b04-28a0-4443-9b5d-a35f1d50a551,remarks.pics,available,1.99,32.49,medium,low,7,namesilo,,,18/09/2026 03:12
c8729b3e-6fa4-4081-8f9d-886b8a129f81,monied.pics,available,1.8,40.98,medium,low,6,namecheap,,,25/08/2026 04:39
07b9bc53-799a-4ea6-af45-4828b15a15e6,razorback.pics,available,1.8,40.98,high,low,9,namecheap,,,09/09/2026 10:48
0d963584-b4c1-4e5a-927b-2bb0fa21dbb4,regressive.pics,available,1.8,40.98,high,medium,10,namecheap,,,09/09/2026 12:59
e7a4342b-88c9-4ab6-98cc-2340dda88178,expository.pics,available,1.8,40.98,medium,low,10,namecheap,,,17/08/2026 18:39
4c139636-2e2d-439c-8de2-592a200333c8,mismatched.pics,available,1.8,40.98,medium,low,10,namecheap,,,25/08/2026 01:36
5599ab3f-3d90-4480-a304-29e5d61ae5c1,shaken.pics,available,1.8,40.98,high,low,6,namecheap,,,10/09/2026 05:44
17792a64-0648-46c4-a456-75ebf6055aaa,ringer.pics,available,1.99,32.49,high,low,6,namesilo,,,23/09/2026 05:42
106c6fd3-e608-4313-99b3-744a641541ab,blueness.pics,available,1.8,40.98,high,low,8,namecheap,,,10/08/2026 15:51
f49f4814-f383-4778-bfc1-fd5543d25341,thalassic.pics,available,1.8,40.98,medium,low,9,namecheap,,,11/09/2026 12:22
70c375bb-3302-4061-a8fa-59ca9e8e95a5,accepting.pics,available,1.99,32.49,high,low,9,namesilo,,,21/09/2026 15:33
3d9b5db0-38af-41d1-aa28-c5d9ed784d53,cab.pics,resell,,,high,low,3,Dynadot Inc,01/02/2026 20:13,01/02/2027 23:59,26/09/2026 04:42
9c34fae2-e4ef-49e5-b9c6-32b61030ebb2,harassment.pics,available,25.2,20.2,medium,low,10,cloudflare,,,27/09/2026 13:56
5d3e45b9-c6f1-4f4e-ba6d-857fe0e20ff7,transmission.pics,available,1.99,32.49,high,low,12,namesilo,,,27/09/2026 08:37
d27c40f2-7ab5-47c2-9e44-252b25cc21e2,hereditary.pics,available,1.8,40.98,high,low,10,namecheap,,,
b6ef85ab-9903-4068-85cb-2f53c2c4ae96,majuscule.pics,available,1.8,40.98,medium,low,9,namecheap,,,24/08/2026 13:26
5f54b797-19c9-4846-a783-56df3fb69c80,errant.pics,available,1.8,40.98,high,low,6,namecheap,,,17/08/2026 12:44
12a4617f-6c3a-44c3-88f4-856041d0a474,mollify.pics,available,1.8,40.98,high,low,7,namecheap,,,18/08/2026 22:10
403b6372-219c-417d-9d9e-291d43186141,upmarket.pics,available,1.8,40.98,high,low,8,namecheap,,,12/09/2026 23:13
4c060c7c-38c6-45fe-8495-aa6b11cdc30a,contiguity.pics,available,1.99,32.49,medium,low,10,namesilo,,,17/09/2026 08:24
d910c3a8-0bea-4d5e-8da3-2ab39318c5da,intrepidly.pics,available,1.8,40.98,medium,low,10,namecheap,,,14/09/2026 10:53
98fcd97e-24af-4c4e-9c4a-a68c2cd090f7,pride.pics,premium,679.9,,high,low,5,"Spaceship, Inc.",17/02/2026 14:15,17/02/2027 23:59,
5dff2c74-44c8-4d45-b15c-81c14910fedf,tush.pics,available,1.8,40.98,medium,low,4,namecheap,,,09/08/2026 11:45
4d807f30-0799-4efd-9e03-60385f17c774,curl.pics,available,1.99,32.49,high,low,4,namesilo,,,
735052a1-00ff-4b19-b5f3-9571653fe0b1,precative.pics,available,1.8,40.98,high,medium,9,namecheap,,,09/09/2026 01:12
f35af57d-e9b5-4dd8-8d88-90ed979c270d,program.pics,available,1.99,32.49,high,low,7,namesilo,,,24/09/2026 17:00
a8104f9c-dc61-48a1-9cfa-22a724ebf71b,bubble.pics,resell,,,high,low,6,Dynadot Inc,21/06/2026 14:12,21/06/2027 23:59,26/09/2026 04:39
b2a2bca3-c5ba-4a31-9660-6117dc49fdd1,woolly.pics,available,1.8,40.98,high,low,6,namecheap,,,18/08/2026 08:40
10db7d2d-0ea9-472c-bc23-88a703b3f240,playstation.pics,available,1.99,,high,high,11,name.com,,,
9e39f6e2-f691-4381-a989-66b20b9b310c,repair.pics,available,1.99,32.49,high,low,6,namesilo,,,27/09/2026 03:25
11df6505-57dc-424c-8dad-97dea22b5c77,vaccinated.pics,available,1.8,40.98,high,low,10,namecheap,,,21/08/2026 21:34
ab014964-de94-4e9c-83b5-579fb3936f2d,automat.pics,available,1.99,32.49,high,low,7,namesilo,,,21/09/2026 06:52
7da08e69-8c22-471e-b065-d02bc6d6e9cb,provinces.pics,available,1.8,40.98,medium,low,9,namecheap,,,18/09/2026 15:35
9bc57613-664b-46e6-a6f7-8dd196828a9f,blessed.pics,available,1.99,32.49,high,low,7,namesilo,,,22/09/2026 18:43
83febcf3-a161-4ad0-943a-7a5057dc0091,operable.pics,available,1.8,40.98,medium,low,8,namecheap,,,04/09/2026 16:20
1bc15257-7689-4e34-8e0b-926bed70ccf2,balarama.pics,available,1.8,40.98,medium,low,8,namecheap,,,21/09/2026 21:06
0515aa68-4198-4e92-88c2-e9b2a709e3dc,stingy.pics,available,1.8,40.98,medium,low,6,namecheap,,,24/08/2026 18:08
b9241564-9d4b-4aae-a551-dbe2686556db,grooved.pics,available,1.8,40.98,high,low,7,namecheap,,,20/08/2026 20:17
c1e33652-8317-4e84-97b6-652245451025,noncitizen.pics,available,1.8,40.98,medium,low,10,namecheap,,,
fee6c19f-92e4-4dad-9fe8-62380192fcd1,maimed.pics,available,1.8,40.98,medium,low,6,namecheap,,,24/08/2026 13:20
aa5ea565-de06-450d-bfb2-dc2e81f27b2f,unquestionable.pics,available,1.99,,medium,low,14,name.com,,,
98ded268-3705-4ee8-83a5-6ad31382efd1,learned.pics,available,1.8,40.98,high,low,7,namecheap,,,23/09/2026 19:31
e3200bb9-e180-42b2-9793-5e98688755d6,becalmed.pics,available,1.8,40.98,medium,low,8,namecheap,,,09/08/2026 06:03
5545f3e1-e713-4978-adad-fbfc43705181,inhibited.pics,available,1.8,40.98,medium,low,9,namecheap,,,22/08/2026 05:07
50112133-c956-41a9-b3b0-e38d378e60d3,pentagonal.pics,available,1.8,40.98,high,low,10,namecheap,,,08/09/2026 15:00
e6ccd74a-34cf-449e-ad7d-5f9af10c6136,apraxia.pics,available,1.8,40.98,medium,low,7,namecheap,,,19/09/2026 22:29
af756ea4-6577-45fb-8063-f765c7b75038,surfer.pics,available,1.99,,high,low,6,name.com,,,
a64f0abb-ba78-4a77-9ba1-8da36961f473,sensory.pics,available,1.99,26.97,high,low,7,dynadot,,,27/09/2026 20:08
a1ed24c0-60f5-4217-9739-97a004c4cae3,bai.pics,premium,845,845,high,low,3,namecheap,,,21/09/2026 18:49
4b96aa77-322c-43c1-a18b-476fcd8f3018,surgically.pics,available,1.8,40.98,medium,low,10,namecheap,,,16/09/2026 07:41
f2ebb951-2a8c-4836-91d2-c5fabe07cafd,blat.pics,available,1.8,40.98,medium,low,4,namecheap,,,10/08/2026 13:38
0d9b8e26-4e33-475a-b258-248f254d8ca3,cardboard.pics,available,1.8,40.98,high,low,9,namecheap,,,11/08/2026 18:49
acc3f1f1-905a-4536-8b99-e2a8e62b70e0,halt.pics,available,1.99,32.49,high,low,4,namesilo,,,24/09/2026 01:49
6c26baf2-eedc-4feb-8c76-95bc90d9f7a2,assisted.pics,available,1.8,40.98,high,low,8,namecheap,,,21/09/2026 23:41
bca8518b-45f5-48fb-a55f-f974fb1a6580,commonsense.pics,available,1.99,32.49,high,low,12,namesilo,,,
36641032-85cb-428e-8aef-5417ecb05e85,aim.pics,resell,,,high,medium,3,Dynadot Inc,12/09/2026 16:12,12/09/2027 23:59,26/09/2026 01:27
5e93037b-f1bf-49a7-b117-636f9170c998,moonless.pics,available,1.8,40.98,medium,low,8,namecheap,,,25/08/2026 05:54
c4aa5685-0a6e-49c3-a2e2-77bcebbbd63e,busy.pics,available,1.99,32.49,high,low,4,namesilo,,,23/09/2026 12:11
c5876d05-40df-411c-9070-5fa127ea5703,bloody.pics,available,1.99,32.49,high,low,6,namesilo,,,22/09/2026 00:33
2e1c8195-f6f6-4b9c-be56-c70e9ba179b1,hyperbolic.pics,available,1.8,40.98,high,low,10,namecheap,,,21/08/2026 16:44
b3b0d794-cc61-49b8-a6e6-d55443f337c0,warily.pics,available,1.99,32.49,medium,low,6,namesilo,,,16/09/2026 11:20
fe5f5d6f-7c63-4673-ba8e-9895b7ec63bf,starts.pics,available,1.99,,medium,low,6,name.com,,,
e40a8f3c-3eb5-4494-9236-715e4145e2cc,knockout.pics,premium,2500,2500,high,low,8,name.com,,,22/08/2026 16:37
da51adbd-a5c1-44d1-8e71-fb1346d7dfee,applejack.pics,available,1.8,40.98,medium,low,9,namecheap,,,19/09/2026 21:35
bfc1b457-1e0d-4d11-bbee-e7faceb3b1ee,ascetic.pics,available,1.8,40.98,medium,low,7,namecheap,,,07/08/2026 00:56
f3442d04-dbc3-4f7c-b0b1-a867962fc966,absorber.pics,available,1.8,40.98,high,low,8,namecheap,,,16/09/2026 18:17
a19645e1-a828-4164-a8b2-7d6984961af2,nazimova.pics,available,1.99,32.49,medium,low,8,namesilo,,,18/09/2026 09:38
23bcaeb8-667d-4651-a557-a6435c2eeeec,stoker.pics,available,1.8,40.98,medium,low,6,namecheap,,,16/09/2026 16:53
99efa2ac-e6ee-451c-898a-2e81a841719e,dementia.pics,available,1.8,40.98,high,low,8,namecheap,,,24/09/2026 21:47
1cfa9b7b-ca6d-4123-bc4d-cb769b609b1f,analogical.pics,available,1.8,40.98,medium,low,10,namecheap,,,
aebf2239-3cb1-4736-a424-1d84fde50056,ordering.pics,available,1.24,26.08,high,low,8,spaceship,,,27/09/2026 15:05
7f9308c9-c5da-49ae-bdd5-af4d16e14e06,nigerian.pics,available,1.8,40.98,high,low,8,namecheap,,,03/09/2026 17:12
2ae92977-ecf7-45a6-b875-d4fc59eefe42,testicle.pics,available,1.8,40.98,medium,low,8,namecheap,,,21/09/2026 22:59
511f165e-90fb-444a-bcc2-9a9c9f5320d3,penally.pics,available,1.8,40.98,medium,low,7,namecheap,,,15/09/2026 19:29
8799e74c-db11-4131-b5b9-1f0c6d98c3af,dilettante.pics,available,1.8,40.98,medium,low,10,namecheap,,,14/08/2026 07:38
594da150-7b56-4e4c-8ea0-e0b49d1ba29c,mcdonald.pics,premium,812.5,,high,low,8,name.com,,,
c0be5337-9609-4154-bdff-46ec4f9d4825,anethum.pics,available,1.99,32.49,medium,low,7,namesilo,,,19/09/2026 05:35
1b3690d6-746e-434e-820b-3b79f227921f,gary.pics,premium,832,832,high,low,4,namesilo,,,25/09/2026 06:21
8bf23a40-76fa-4138-a7a5-98697004d743,simplicity.pics,available,1.99,,high,low,10,name.com,,,
889a609c-1728-43aa-acf6-54012c5a3211,shrubby.pics,available,1.8,40.98,medium,low,7,namecheap,,,18/08/2026 17:15
71b91f7c-06cf-456b-971b-d0a46b9648ec,rockwell.pics,premium,2660,2660,high,low,8,namesilo,,,27/09/2026 04:54
0136bf48-1fcd-47da-884b-f1f307a3eefa,aphasia.pics,available,1.99,32.49,medium,low,7,namesilo,,,19/09/2026 16:53
47007085-7d8a-42c6-ac58-7d9a8efff255,kigali.pics,available,1.99,32.49,medium,low,6,namesilo,,,24/09/2026 12:21
2941bef8-1759-481c-b909-65a202bcec78,patriotic.pics,available,1.8,40.98,high,low,9,namecheap,,,27/09/2026 03:06
df798407-6755-4f08-b043-3448c1490585,employ.pics,available,1.8,40.98,high,low,6,namecheap,,,08/09/2026 13:39
5f4ac73b-38f9-4e7d-b3c5-49d6f3452bb2,gratifying.pics,available,1.8,40.98,high,low,10,namecheap,,,17/08/2026 09:19
fbddd5ad-1d04-4498-bf43-4effea442184,specially.pics,available,1.99,,medium,low,9,name.com,,,
6b07c200-4654-4cf3-a132-847f0e63fa6e,jolson.pics,available,1.99,32.49,medium,low,6,namesilo,,,18/09/2026 01:21
8e2e12aa-4a37-4a1e-b22c-0d4a27d968e4,digestible.pics,available,1.8,40.98,medium,low,10,namecheap,,,14/08/2026 07:14
d26d1bcd-7aae-4e74-aa2c-82ae7176af44,concise.pics,available,1.8,40.98,high,low,7,namecheap,,,23/09/2026 19:03
6ae9bc40-4482-43d6-8878-e339bdfd1fbc,scotland.pics,available,1.99,32.49,high,low,8,namesilo,,,27/09/2026 15:44
141dab8a-e954-4901-be41-fbb02ea90776,caught.pics,available,1.99,32.49,high,low,6,namesilo,,,
bff087f4-32fc-46f8-8737-539c22399a0e,whiteboard.pics,available,1.99,,high,low,10,name.com,,,
a6eb08ea-5f26-45ee-9e4d-34c5df33289a,suggest.pics,available,1.99,,high,low,7,name.com,,,
4d69bd5d-080d-4f19-aa31-e43b7279276d,devotes.pics,available,1.99,32.49,medium,low,7,namesilo,,,20/09/2026 02:04
5347cda9-df44-4e84-b50e-894cb8e560e9,bitewing.pics,available,1.99,32.49,medium,low,8,namesilo,,,23/09/2026 22:28
9d0afa50-9b4b-4d1b-8687-2435b812de4e,impossible.pics,available,1.99,32.49,high,medium,10,namesilo,,,25/09/2026 07:55
86a7c18c-40cb-4a15-9ce4-11b406a8a0b6,arrays.pics,available,1.99,32.49,medium,low,6,namesilo,,,20/09/2026 09:17
ec327122-5d83-4805-a675-cf146ff2cf48,indate.pics,available,1.99,,medium,low,7,name.com,,,
9482aa99-4dbe-47f6-a583-554c8c94e25b,beloved.pics,available,1.8,40.98,high,low,7,namecheap,,,09/08/2026 13:47
f8fb7dbe-b76c-40af-931c-0404c7c4d163,loved.pics,available,1.99,32.49,high,low,5,namesilo,,,25/09/2026 14:27
512e966c-3c31-43f4-86c5-f29e5234d214,winged.pics,available,1.8,40.98,high,low,6,namecheap,,,13/09/2026 12:29
57ab5689-52ca-4d1b-8c63-ec2aab1a0c00,endure.pics,available,1.8,40.98,high,low,6,namecheap,,,11/08/2026 02:41
72e7edf6-10b2-4da9-8575-d57807c9a106,deals.pics,premium,832,832,high,low,5,namesilo,,,27/09/2026 10:04
6beee73e-e391-4ef8-a07a-2c2c02089efa,panoptical.pics,available,1.8,40.98,medium,low,10,namecheap,,,05/09/2026 01:03
524b7fbf-4eb3-4f33-9582-f483ab206a3f,connate.pics,available,1.8,40.98,medium,low,7,namecheap,,,12/08/2026 15:46
1c800fee-be4e-4ce2-ba90-f4e1cc8aa2b6,clam.pics,available,1.99,32.49,high,low,4,namesilo,,,
4c604c07-ce5e-4544-9580-37117bb4ee8b,axe.pics,available,1.99,32.49,high,low,3,namesilo,,,
c63b2ba2-6476-4303-80c7-974a4741a17c,gravel.pics,available,1.99,32.49,high,low,6,namesilo,,,21/09/2026 17:36
0b746127-e1df-4157-a500-4f720a2d2ac3,teenaged.pics,available,1.99,32.49,medium,low,8,namesilo,,,19/09/2026 04:34
f2b1076c-3b9e-4d98-bfa3-2341a2fe4d0b,sector.pics,available,1.24,26.08,high,low,6,spaceship,,,28/09/2026 03:04
8e3d52ae-bd7a-4bbf-b5c5-775c17ddcff1,thornless.pics,available,1.8,40.98,medium,low,9,namecheap,,,11/09/2026 14:08
c1e511ae-7a7a-4c6b-8b5b-51ec376e74a7,drapes.pics,available,1.99,32.49,high,low,6,namesilo,,,17/09/2026 07:49
1c108842-abca-494d-936d-d18bc19e9f8e,arnica.pics,available,1.99,45.99,high,low,6,name.com,,,20/09/2026 08:11
ba84f7a1-85f7-4e5e-9c1c-90e645fa3b90,eighteenth.pics,available,1.8,40.98,high,low,10,namecheap,,,
425c68e3-830a-401a-88d9-7da7b1898e48,authorised.pics,available,1.99,32.49,high,low,10,namesilo,,,22/09/2026 13:51
1da29a88-c482-4f4b-baad-d2916e6693ff,seagull.pics,premium,2500,,high,low,7,name.com,,,
e6fd40c8-741f-4df9-a4dd-cdd730d633b2,unloaded.pics,available,1.8,40.98,medium,low,8,namecheap,,,12/09/2026 15:03
db2d4eb3-9970-4dc7-81b4-997747a7ec00,olym.pics,resell,,,high,low,8,Porkbun LLC,15/04/2014 16:00,15/04/2027 23:59,26/09/2026 07:53
4538f346-0ab4-4b83-bb91-6661a4e7da06,scandent.pics,available,1.8,40.98,medium,low,8,namecheap,,,09/09/2026 22:32
3f6153d7-abce-435d-8b31-e2c8d551be14,failures.pics,available,1.8,40.98,low,low,8,namecheap,,,20/09/2026 17:55
b417f9c0-0eab-41d3-bdf7-81dd1077771c,marbled.pics,available,1.8,40.98,high,low,7,namecheap,,,24/08/2026 15:47
d2cfbf67-fefd-421c-ba94-5548695b8b11,counterfeits.pics,available,1.8,40.98,low,low,12,namecheap,,,19/09/2026 21:40
873ab4e9-4623-41b9-9951-a7557f374f4c,resistant.pics,available,1.8,40.98,high,low,9,namecheap,,,09/09/2026 15:18
9e53a598-31fd-4dac-8fa0-6405a8913982,rustproof.pics,available,1.8,40.98,high,low,9,namecheap,,,09/09/2026 20:21
51e6b75a-d9e4-4b70-b65b-56231c01267d,perjury.pics,available,1.8,40.98,medium,low,7,namecheap,,,22/09/2026 21:18
747fd2e9-58b2-48ef-a2b2-a5ba579457f0,courtyard.pics,available,1.99,32.49,high,low,9,namesilo,,,
902d324c-fce9-4c17-a2d1-cb2903b7fdbc,algology.pics,available,1.99,32.49,medium,low,8,namesilo,,,18/09/2026 07:09
58f65475-7b75-441c-9bc7-7c31ff037bce,annealing.pics,available,1.8,40.98,high,low,9,namecheap,,,11/09/2026 10:58
ca7f6ec5-ac33-474e-af41-dcc9ef596205,destruction.pics,available,1.99,32.49,medium,low,11,namesilo,,,27/09/2026 02:03
53452bdf-2cde-4cd9-9109-dffe32fd0c8f,aurous.pics,available,1.8,40.98,medium,low,6,namecheap,,,07/08/2026 17:31
5dd1a4fd-3802-4cc8-80bd-4feb21bd948d,barrymore.pics,available,1.8,40.98,medium,low,9,namecheap,,,22/09/2026 08:52
ff69dcfc-33e1-4057-9b91-aae189e3f040,crockett.pics,available,1.24,26.08,medium,low,8,spaceship,,,28/09/2026 01:43
6f556fc7-4cf1-4df3-8a63-4923fed94dc8,shaper.pics,available,1.99,,high,low,6,name.com,,,
b8c2b84e-a41b-48e1-bddd-24ad9befb5f3,squared.pics,available,1.8,40.98,high,low,7,namecheap,,,10/09/2026 17:27
c55c0364-426d-464e-93d5-4fee256807ad,areas.pics,available,1.8,40.98,medium,low,5,namecheap,,,27/09/2026 10:01
3a03fb89-53a3-44ad-a952-a43034f44e5b,equid.pics,available,1.8,40.98,medium,low,5,namecheap,,,17/08/2026 11:47
89d5d544-0abd-4c8f-afa8-79505bea5a4c,nutrition.pics,available,1.99,32.49,high,low,9,namesilo,,,18/09/2026 07:53
0a0e30f3-ef6c-4db9-8890-eeabf8d7bcfb,barbary.pics,available,1.8,40.98,medium,low,7,namecheap,,,22/09/2026 04:32
08de3064-6d29-445b-b7fa-6ce1f1bb43b2,squeamish.pics,available,1.8,40.98,medium,low,9,namecheap,,,04/09/2026 21:24
1cbb286e-cc57-4d88-8271-c38f6401945c,attended.pics,available,1.8,40.98,medium,low,8,namecheap,,,22/09/2026 11:17
a32bdedf-0e62-4e11-a2cd-2143735fb2b1,joel.pics,available,1.99,32.49,high,low,4,namesilo,,,24/09/2026 06:55
0ebd917e-ba0f-4d3f-8a7f-b8a8a296b39d,revenge.pics,available,1.99,32.49,high,low,7,namesilo,,,25/09/2026 10:18
ac39b8ee-7ce0-408a-b758-ec9816666e07,los.pics,available,1.99,,high,low,3,name.com,,,
f2db52d0-5ab7-4226-b48f-edb6626ee9e1,balthasar.pics,available,1.99,32.49,high,low,9,namesilo,,,22/09/2026 00:15
37952498-0709-4b24-a879-f32b0059621b,mosquitos.pics,available,1.99,32.49,low,low,9,namesilo,,,18/09/2026 14:26
0a95b762-f1ec-404d-96ea-92794f7a8515,jaundice.pics,available,1.99,32.49,medium,low,8,namesilo,,,17/09/2026 03:10
a69d0724-e0a9-4e2b-a43d-d87c388bb350,brag.pics,available,1.99,32.49,high,low,4,namesilo,,,23/09/2026 00:49
f5957cf7-d88c-4edb-bcd2-055ebaf8ffaa,parka.pics,available,1.8,40.98,high,low,5,namecheap,,,19/09/2026 11:41
be792d7a-8067-4a68-b38d-5c8afdd129b6,releasing.pics,available,1.8,40.98,high,low,9,namecheap,,,09/09/2026 13:32
643d1835-dd01-4ed4-8af3-39d100a4a827,scandal.pics,available,1.99,,high,low,7,name.com,,,
de930a42-8b12-4f8d-90e4-b1d9e88e1c01,balk.pics,available,1.8,40.98,medium,low,4,namecheap,,,14/08/2026 04:55
aec1b10c-534b-420f-ae76-3a9847915bbc,abhorrence.pics,available,1.99,32.49,medium,low,10,namesilo,,,16/09/2026 15:25
21653ccc-e4d2-4b62-8433-c7801e134a3c,ascus.pics,available,1.99,32.49,medium,low,5,namesilo,,,20/09/2026 13:28
4f17cdba-153e-4332-a9e9-1874a829538b,retired.pics,available,1.24,26.08,high,low,7,spaceship,,,27/09/2026 13:17
b6b81ea3-fbcc-4251-a716-ac087ef7214c,obsessive.pics,available,1.99,32.49,high,low,9,namesilo,,,25/09/2026 23:45
b3f0653c-1a41-48ba-b6b0-b7a6a985d442,vassal.pics,available,1.8,40.98,medium,low,6,namecheap,,,18/08/2026 03:02
b7bef1bc-75dc-4566-a2bc-40e6f4baec98,liberally.pics,available,1.8,40.98,medium,low,9,namecheap,,,14/09/2026 21:12
896ef3c4-d033-4065-83c4-359b3ff49db5,mob.pics,available,1.8,40.98,high,low,3,namecheap,,,24/09/2026 19:26
e88d9b03-926b-4e8e-8180-8041c724d2fe,camwood.pics,available,1.99,32.49,medium,low,7,namesilo,,,17/09/2026 15:22
f8fa8b7a-f628-4488-88ba-b95bc3c1100c,camel.pics,premium,,,high,low,5,,,,28/09/2026 01:20
e9356e5f-0cb0-44be-af78-a254a5326fb4,beacon.pics,premium,2600,2600,high,medium,6,namecheap,,,22/09/2026 19:12
81268f5c-5e52-4cce-b6aa-7056f094e408,obdurate.pics,available,1.8,40.98,medium,low,8,namecheap,,,13/08/2026 12:15
cdcf1996-a94e-43a5-aef0-a9191209acdc,tipple.pics,available,1.99,32.49,medium,low,6,namesilo,,,23/09/2026 12:44
5365c1cf-b73f-43db-b9bd-21593f388bc6,saccharine.pics,available,1.8,40.98,medium,low,10,namecheap,,,12/08/2026 12:48
f375e430-9551-4939-9409-70573d94a690,custody.pics,available,1.8,40.98,high,low,7,namecheap,,,24/09/2026 20:41
f05c6d8d-f30a-401d-97c1-f9b679ac94f7,oceans.pics,available,1.99,32.49,high,low,6,namesilo,,,18/09/2026 06:58
2615fcfd-2ff1-4fe9-8767-c223036375d0,calamitous.pics,available,1.8,40.98,medium,low,10,namecheap,,,11/08/2026 13:28
15b9edba-5531-459e-aa6a-27c5c5f70f16,aggressor.pics,available,1.99,32.49,medium,low,9,namesilo,,,17/09/2026 17:41
9e9c6cc7-2a39-48f4-aae3-1c70973bd5e3,shoveler.pics,available,1.99,32.49,medium,low,8,namesilo,,,19/09/2026 02:54
ccb48ce4-38eb-49ae-8710-a043fceb370e,marguerite.pics,available,1.99,32.49,high,low,10,namesilo,,,20/09/2026 04:58
18f973bc-8222-4d93-a666-2647d8315deb,augusta.pics,available,1.8,40.98,high,low,7,namecheap,,,21/09/2026 03:54
26c232a5-42f6-4565-8298-c2f44fe6fc09,trunk.pics,available,1.99,32.49,high,low,5,namesilo,,,21/09/2026 07:24
3f7a9c57-72ec-4006-839f-3aee76dd9d00,waterborne.pics,available,1.8,40.98,medium,low,10,namecheap,,,13/09/2026 08:36
c5cb1aca-607d-4cac-981f-a056379a8ffc,adjutant.pics,available,1.99,32.49,medium,low,8,namesilo,,,17/09/2026 08:35
eb06354f-ae59-4a57-96b3-27454d87826d,unseasoned.pics,available,1.8,40.98,medium,low,10,namecheap,,,12/09/2026 18:46
43d27f68-a912-41d1-b3b8-951229740764,workable.pics,available,1.8,40.98,high,low,8,namecheap,,,17/08/2026 16:53
1cda6b88-2536-4878-a529-e494bb0833ae,barbwire.pics,available,1.8,40.98,medium,low,8,namecheap,,,22/09/2026 04:47
8695a2c4-81c8-44f3-81e2-274439026fce,pendent.pics,available,1.8,40.98,medium,low,7,namecheap,,,08/09/2026 14:07
fa976593-0f2d-44c3-95ee-aac2176428a1,gumbo.pics,available,1.99,32.49,high,low,5,namesilo,,,16/09/2026 15:04
5b089725-d651-4531-a58d-7dabf64d0773,ursine.pics,available,1.8,40.98,medium,low,6,namecheap,,,12/09/2026 23:53
b1966693-3472-414e-b6b6-315fa13f9943,complicated.pics,available,1.8,40.98,high,low,11,namecheap,,,25/09/2026 09:06
ec55cb7d-65e8-42c5-a61a-b944b852ef3c,phyllodial.pics,available,1.8,40.98,high,medium,10,namecheap,,,08/09/2026 19:25
6bf88e9d-b69d-47d2-b4d5-6f838e93c2da,blackfly.pics,available,1.99,32.49,medium,low,8,namesilo,,,19/09/2026 17:06
9d5d5b38-798f-472a-a618-bd259bdccef6,frisky.pics,available,1.8,40.98,high,low,6,namecheap,,,18/08/2026 16:02
46927d48-376a-4328-837f-25dd5b755552,vaulting.pics,available,1.8,40.98,high,low,8,namecheap,,,04/09/2026 21:34
6701cd1f-5bb6-42ef-b14c-8bd82b2a7fa6,gallantly.pics,available,1.8,40.98,medium,low,9,namecheap,,,14/09/2026 06:45
ccaaf8ac-9b61-4a21-9b0b-bfab2e8137b3,banded.pics,available,1.8,40.98,medium,low,6,namecheap,,,08/08/2026 11:40
6a834563-2d53-411f-9aca-d10208d0c706,restrain.pics,available,1.99,,medium,low,8,name.com,,,
10f1dfa4-e11c-4e27-b812-1dda8e936234,manuel.pics,available,1.8,40.98,high,low,6,namecheap,,,25/09/2026 15:00
c6a340e0-59b0-4bbb-bfce-80cc84378e8f,browbeat.pics,available,1.8,40.98,medium,low,8,namecheap,,,11/08/2026 08:53
8ef2a5ac-4af3-423e-b248-1ffe73ddd662,dietary.pics,available,1.8,40.98,high,low,7,namecheap,,,08/09/2026 15:41
686ab2dc-45b1-45a4-8c48-6ded09613474,spew.pics,available,1.8,40.98,high,medium,4,namecheap,,,10/09/2026 07:39
7a5f8642-2e55-47a2-8a0d-fac4235f6f5a,fears.pics,available,1.99,32.49,medium,low,5,namesilo,,,27/09/2026 08:58
97fb2aaa-f667-4ae3-b8af-4e2ea75030e5,verona.pics,available,1.8,40.98,high,low,6,namecheap,,,27/09/2026 05:51
9541e8ce-e042-445d-8bc0-0ebd1b59442e,hysteria.pics,available,1.8,40.98,high,low,8,namecheap,,,24/09/2026 21:43
b50c367b-92a9-4867-902c-69811b2a859d,lingually.pics,available,1.8,40.98,medium,low,9,namecheap,,,15/09/2026 12:28
075f589d-ae53-4d1f-89ad-d6bd094db374,yttrium.pics,available,1.8,40.98,medium,low,7,namecheap,,,20/09/2026 23:00
a995fada-c6eb-4c28-bd28-99441f27b733,extends.pics,available,1.99,32.49,medium,low,7,namesilo,,,18/09/2026 17:32
9884b3ab-72d6-4077-8882-3b438026e124,rugose.pics,available,1.8,40.98,high,medium,6,namecheap,,,09/09/2026 19:20
18e67788-7943-42aa-8123-9b61a5b19e30,bce.pics,premium,2500,,high,low,3,name.com,,,
96742333-3265-4b7f-a869-70fbc8d0c3e3,voidable.pics,available,1.8,40.98,medium,low,8,namecheap,,,09/09/2026 14:47
fe917808-743b-4297-92dd-e7c82b3ad46b,aestival.pics,available,1.8,40.98,medium,low,8,namecheap,,,
bd3d4d1b-2178-4e02-8ad1-d550c6a7fd60,spill.pics,available,1.8,40.98,high,low,5,namecheap,,,27/09/2026 15:56
67b2b875-7885-4f6e-b972-bfdbdf2a3323,rapturous.pics,available,1.8,40.98,high,low,9,namecheap,,,14/08/2026 23:48
bbbde078-7fda-48a6-80de-c089219e63b5,stuffed.pics,available,1.8,40.98,high,low,7,namecheap,,,10/09/2026 23:02
d65f6631-e47c-4b98-abc2-c843069724fb,hokum.pics,available,1.8,40.98,medium,low,5,namecheap,,,03/09/2026 20:34
d0f05519-9abc-4d6c-8f95-9335b110ba10,package.pics,resell,,,high,low,7,Dynadot Inc,14/05/2026 16:21,14/05/2027 23:59,26/09/2026 07:59
eb2116d4-ef72-467c-a5db-824be5366e8d,billfold.pics,available,1.99,32.49,medium,low,8,namesilo,,,23/09/2026 16:16
d5d33522-ae7b-4b6c-976c-3d5d20be872f,anouilh.pics,available,1.99,32.49,medium,low,7,namesilo,,,19/09/2026 11:52
9e8699f0-3e19-4b56-92c4-fc4e1f03a831,starkers.pics,available,1.8,40.98,medium,low,8,namecheap,,,10/09/2026 18:51
09565a69-781c-4983-98be-55dcbb074da1,bored.pics,available,1.99,32.49,high,low,5,namesilo,,,23/09/2026 00:16
34ff9694-8f7f-42b6-ae7e-a71ef78b2855,unveil.pics,available,,,high,low,6,,,,
0afb1345-dfde-4e1e-b56f-a0e4b87c38da,underestimate.pics,available,1.99,,medium,low,13,name.com,,,
09789bc1-94a8-4f4e-856b-7cf50bfe4c82,tear.pics,available,1.99,32.49,high,low,4,namesilo,,,26/09/2026 00:12
af8244a9-d2f1-4346-bbf0-0283ce29565e,abides.pics,available,1.99,32.49,medium,low,6,namesilo,,,18/09/2026 17:00
f0795b94-8a0f-4d57-81e8-8dc038559cb8,holy.pics,resell,,,high,low,4,Dynadot Inc,14/08/2026 13:37,14/08/2027 23:59,26/09/2026 06:42
262a2c98-348d-4b29-96ab-1e19fcc515ab,glary.pics,available,1.8,40.98,medium,low,5,namecheap,,,10/08/2026 13:49
3bfc03d1-864b-4082-ad55-de96bfdc8dc2,wharf.pics,available,1.99,,high,low,5,name.com,,,
9f50f14a-94d5-4bbd-bf2b-4a134cff4a10,tactically.pics,available,1.99,32.49,medium,low,10,namesilo,,,16/09/2026 07:46
0abfe98d-4110-46dd-8a19-565a4dc11785,although.pics,available,1.99,32.49,medium,low,8,namesilo,,,
653ca21a-d803-479d-aa97-2fdf19605ce3,efferent.pics,available,1.8,40.98,medium,low,8,namecheap,,,15/08/2026 14:22
8917ede6-f34d-4687-ac31-a234ae82c2c5,bagatelle.pics,available,1.8,40.98,medium,low,9,namecheap,,,21/09/2026 17:53
ec5e75e9-42f2-423e-badc-4daf0bd8d77d,rainproof.pics,available,1.8,40.98,high,medium,9,namecheap,,,09/09/2026 09:47
a8c95e0d-3106-42df-9e69-b3dbd606a328,heinous.pics,available,1.8,40.98,medium,low,7,namecheap,,,18/08/2026 06:18
65d280ef-e830-44de-986b-c17d7a9ffdee,pulls.pics,available,1.99,32.49,medium,low,5,namesilo,,,16/09/2026 23:15
dbb32718-2f49-4efc-b792-1610369f1fb5,disturbed.pics,available,1.8,40.98,medium,low,9,namecheap,,,11/08/2026 01:48
5e70df7b-8670-4dc1-bf13-984b9c1f25f5,straighten.pics,available,1.8,40.98,high,low,10,namecheap,,,11/09/2026 15:43
81cf5b92-3255-422a-8b02-7452bc7c9ca0,return.pics,available,1.99,32.49,high,low,6,namesilo,,,19/09/2026 03:27
f5c40a9d-e9d5-4fa8-8c8d-ff179f1ef75d,alexandre.pics,available,1.24,26.08,high,low,9,spaceship,,,27/09/2026 20:05
8da583a5-c4a3-49f0-a7e0-39a32e217258,grecian.pics,available,1.8,40.98,high,low,7,namecheap,,,20/08/2026 19:44
04651c5d-375a-423b-ad0d-0711c1bb4065,oxford.pics,available,1.99,,high,low,6,name.com,,,
12e2a595-1c33-4532-9977-9b9f19a7140f,brickly.pics,available,1.8,40.98,medium,low,7,namecheap,,,11/08/2026 03:51
b01ad041-c66a-4436-b737-9ac3019c8f2f,vengeful.pics,available,1.99,26.97,medium,low,8,dynadot,,,27/09/2026 13:56
53b42859-f8d1-429a-9520-8815389a5284,veridical.pics,available,1.8,40.98,medium,low,9,namecheap,,,13/09/2026 02:24
de700c05-31a6-42d2-ada2-87c03efd358b,runners.pics,available,1.8,40.98,high,low,7,namecheap,,,18/09/2026 06:01
2d1def5e-adbe-42c8-98d3-2742b43bbe7e,having.pics,available,1.99,,high,low,6,name.com,,,
857d39e7-19c7-4e37-b659-98cddf03a55c,secured.pics,available,1.99,,high,low,7,name.com,,,
6c9f142c-59fa-4769-a655-3bd0ecb271dd,proclaim.pics,available,1.99,,high,low,8,name.com,,,
6d74d2e0-3d87-428c-ae98-51c33f791924,consequences.pics,available,1.99,32.49,high,low,12,namesilo,,,27/09/2026 08:40
2decc4ea-04e1-41ea-a77d-58a528568af7,badaga.pics,available,1.99,32.49,medium,low,6,namesilo,,,21/09/2026 16:58
d9c76328-2d8a-4d2e-89c7-4c27dd797c09,catechetic.pics,available,1.8,40.98,medium,low,10,namecheap,,,11/08/2026 21:25
6b53ed7a-6e86-4345-95b2-eab2213628c3,gumptious.pics,available,1.8,40.98,medium,low,9,namecheap,,,20/08/2026 20:57
9d423b17-39ac-4de5-aa7c-8f36dd12492e,recession.pics,available,1.99,32.49,high,low,9,namesilo,,,27/09/2026 10:55
c17c7ad8-a98a-432c-9936-301b34acab75,winds.pics,available,1.99,32.49,medium,low,5,namesilo,,,27/09/2026 22:44
1685d3eb-f675-4b0c-96eb-1dd074eb2311,insouciant.pics,available,1.8,40.98,medium,low,10,namecheap,,,11/08/2026 20:34
9fcba8da-2d56-46d0-9628-6923fab19779,layman.pics,available,1.8,40.98,medium,low,6,namecheap,,,10/09/2026 01:24
f497ce93-db63-4e65-ab9d-4b2a1b57d6e6,encouraging.pics,available,1.99,32.49,high,low,11,namesilo,,,
e988a477-624b-4a3d-90a2-1ea06339c434,adoptee.pics,available,1.99,32.49,medium,low,7,namesilo,,,17/09/2026 09:39
35bbbdeb-040d-491b-9756-27c034e9aef1,steep.pics,available,1.8,40.98,high,low,5,namecheap,,,17/08/2026 17:40
ae756dc1-5653-408d-9dea-73536964a7da,eyestrain.pics,available,1.99,32.49,medium,low,9,namesilo,,,20/09/2026 17:21
2ce03785-2739-4e8b-ac77-fde0fa0e685d,chordal.pics,available,1.8,40.98,high,low,7,namecheap,,,12/08/2026 07:06
d5b51203-64d1-4dc9-9d1d-39d7e52bfee8,grand.pics,resell,,,high,low,5,"Spaceship, Inc.",07/07/2026 20:52,07/07/2027 23:59,26/09/2026 06:28
995ea1f6-62ce-4dee-a721-af802e7287ed,easier.pics,available,1.99,32.49,high,low,6,namesilo,,,27/09/2026 09:58
d9c28159-6416-4b8f-93ff-5e9f2ee5842a,motorcar.pics,available,1.99,32.49,high,low,8,namesilo,,,21/09/2026 05:29
24a64429-4ace-4a11-a9da-5806209220a0,unreactive.pics,available,1.8,40.98,medium,low,10,namecheap,,,12/09/2026 17:50
a5d0cdbf-cea3-45a8-b828-3b677567fb58,bacchanal.pics,available,1.8,40.98,high,low,9,namecheap,,,08/08/2026 04:14
a37203a3-19b8-453b-ae2b-f1a325f889a7,belonging.pics,available,1.8,40.98,high,low,9,namecheap,,,23/09/2026 06:53
d77712bb-b1f9-4c35-9b5d-dbb8ea3b6395,lavatory.pics,available,1.8,40.98,high,low,8,namecheap,,,09/09/2026 02:14
bf856ce1-8a45-40c1-9c0a-6b11465e8df9,establishments.pics,available,1.99,32.49,medium,low,14,namesilo,,,
b53f5043-8d21-429b-a2f6-f6d9d73bdc2c,specious.pics,available,1.8,40.98,high,medium,8,namecheap,,,10/09/2026 15:26
07ba4fb6-889f-4cd6-871c-da8bb65043cd,wigeon.pics,available,1.8,40.98,medium,low,6,namecheap,,,19/09/2026 03:00
eed6d983-ce18-45fb-b8f0-23f117165f15,quentin.pics,available,1.8,40.98,medium,low,7,namecheap,,,27/09/2026 01:36
84ec9599-b475-4474-b13c-8e0c59baae3b,moonfish.pics,available,1.8,40.98,medium,low,8,namecheap,,,20/09/2026 21:37
ddc8121b-abb0-47c0-9c5e-25b3f7fe99be,vice.pics,premium,2500,,high,low,4,name.com,,,
986e7f30-6482-47ac-a6d7-0b7d613d33bd,peiping.pics,available,1.99,32.49,medium,low,7,namesilo,,,23/09/2026 04:16
3e52dcf3-2886-4ea7-bd6f-5b5e4ea1e6ec,shoulder.pics,available,1.99,32.49,high,low,8,namesilo,,,20/09/2026 11:31
54511f73-09bb-477f-bd18-16ece2649bbd,awful.pics,available,1.99,32.49,high,low,5,namesilo,,,22/09/2026 15:06
14c42b97-8aaf-49c2-9aa3-cf8fb1e917d2,ruminant.pics,available,1.8,40.98,high,medium,8,namecheap,,,09/09/2026 19:22
10fb3fff-05f1-4c5b-91f0-0b300854b15f,ablaut.pics,available,1.8,40.98,medium,low,6,namecheap,,,16/09/2026 16:06
75adef79-e0b8-4269-8b1a-dead600f0694,hours.pics,available,1.99,,high,low,5,name.com,,,
b9c7c12f-75ce-4452-ac55-c6fe70c07059,categorical.pics,available,1.99,32.49,medium,low,11,namesilo,,,
b1110a04-a302-441f-8b38-7d7dee2731d2,indocile.pics,available,1.8,40.98,medium,low,8,namecheap,,,22/08/2026 03:18
f944551e-8695-4d91-acde-7596c4c4c9ab,arizonian.pics,available,1.99,32.49,medium,low,9,namesilo,,,20/09/2026 06:06
393cd793-7ae6-44f8-a4f5-d5779fb81efb,wasting.pics,available,1.8,40.98,medium,low,7,namecheap,,,21/09/2026 00:58
0fa59ef6-764c-4ac8-bdbb-9e9d06ced016,aerobe.pics,available,1.99,32.49,medium,low,6,namesilo,,,17/09/2026 12:54
86f60b90-9233-4750-8fa3-fdffcba741ea,gut.pics,available,1.99,32.49,high,low,3,namesilo,,,28/09/2026 01:05
5b560583-7ce6-45ac-95de-c693bdb95848,automated.pics,available,1.99,32.49,high,low,9,namesilo,,,22/09/2026 13:58
67d4f141-fde3-40eb-b54b-b4753076aca2,dock.pics,available,1.99,32.49,high,low,4,namesilo,,,22/09/2026 23:34
1dcae935-01b3-4d6a-b953-6f6ab31bbc4b,illume.pics,available,1.8,40.98,high,low,6,namecheap,,,23/08/2026 02:41
edb9edf1-f518-4d4f-b458-0c77de790688,wharton.pics,premium,2600,2600,high,low,7,namecheap,,,25/09/2026 22:32
81e55ebe-c566-4ce1-ab61-d4c094c1896e,bifacial.pics,available,1.8,40.98,medium,low,8,namecheap,,,09/08/2026 19:57
4a3368c0-77dd-47ec-af16-ebc1e1c387f8,freezing.pics,available,1.8,40.98,high,low,8,namecheap,,,25/09/2026 06:10
91d988ac-4048-4d93-858e-ddf32060a03a,faraway.pics,available,1.8,40.98,high,low,7,namecheap,,,17/08/2026 22:14
76ee1fcf-4c09-4f0c-a243-2fb571263710,procure.pics,available,1.8,40.98,high,low,7,namecheap,,,10/09/2026 01:32
b1618b5a-925f-461a-a263-021d65d679bf,apolune.pics,available,1.8,40.98,medium,low,7,namecheap,,,19/09/2026 18:55
1d352f19-31cd-4699-a193-dc755bfef8c9,rhodium.pics,available,1.8,40.98,medium,low,7,namecheap,,,20/09/2026 23:08
be206eb1-bda9-4360-9bc3-4cdfb9edf57b,bayou.pics,available,1.8,40.98,high,low,5,namecheap,,,22/09/2026 18:09
6ec22b6b-9068-46df-adb3-c4d3b4d05b3d,catch.pics,premium,2500,,high,low,5,name.com,,,